name,exploit_date,classification,technique,loss_usd,chain,bridgeHack,targetType,returnedFunds,defillamaId,language,source_url,parentProtocolId,extra_source,extra_attack_method,extra_loss_usd,extra_protocol,extra_date
Super Sushi Samurai,3/22/24,Protocol Logic,Infinite Mint and Dump,4800000,Blast,FALSE,Gaming,,,Solidity,https://rekt.news/sss-rekt/,,,,,,
Unizen,3/8/24,Protocol Logic,External Call Vulnerability,2100000,Ethereum,FALSE,DeFi Protocol,2100000,1336,Solidity,https://twitter.com/peckshield/status/1766210445415727608,,,,,,
AutoShark,5/24/21,Ecosystem,Flashloan Incentive Rewards Exploit,745000,BSC,FALSE,DeFi Protocol,,1074,,https://watchpug.medium.com/sharkfinance-performance-fee-minting-incident-analysis-4b2e3bd03923,,,,,,
Siren,9/3/21,Smart Contract Language,Reentrancy,3450000,Polygon,FALSE,DeFi Protocol,,203,Solidity,https://twitter.com/BlockSecTeam/status/1433682132090568705?s=20&t=yoeOhpvaWABdrYwfwtTJ0Q,,,,,,
MangoFarmSol,1/7/24,Rugpull,Frontend Attack,2000000,Solana,FALSE,DeFi Protocol,,,Rust,https://cointelegraph.com/news/funds-mangofarmsol-drained-community-rug-pull,,,,,,
MyAlgo,2/27/23,Infrastructure,Cloudflare Key Compromised,9200000,Algorand,FALSE,Wallet,,,Javascript,https://twitter.com/zachxbt/status/1630375691886686208?s=20,,,,,,
Zunami Protocol,5/15/25,Protocol Logic,withdrawStuckToken() exploit,500000,Ethereum,FALSE,DeFi Protocol,,1201,Solidity,https://x.com/ZunamiProtocol/status/1922993510925435267,,,,,,
Impermax V3,11/11/25,Protocol Logic,Zero-Rate Hack,380000,Base,FALSE,DeFi Protocol,,5981,Solidity,https://x.com/hklst4r/status/1988339762537918895,parent#impermax-finance,,,,,
DAO Maker Vesting,8/12/21,Infrastructure,Private Key Compromised (Unknown Method),7000000,Ethereum,FALSE,DeFi Protocol,,921,,https://cointelegraph.com/news/dao-maker-crowdfunding-platform-loses-7m-in-latest-defi-exploit,parent#dao-maker,,,,,
M2 Exchange,10/31/24,Protocol Logic,Access Control Exploit,13700000,"Ethereum,Solana,Bitcoin",FALSE,CEX,,,,https://x.com/CyversAlerts/status/1852303223903633572,,,,,,
UPCX,4/1/25,Protocol Logic,Upgraded ProxyAdmin + withdrawByAdmin Hack,,Ethereum,FALSE,DeFi Protocol,,,Solidity,https://x.com/cyversalerts/status/1907046941906653633,,,,,,
four.meme,2/11/25,Protocol Logic,Liquidity Pool Exploit,183000,BSC,FALSE,DeFi Protocol,,5174,Solidity,https://x.com/peckshieldalert/status/1889210001220423765,,,,,,
Multichain,7/10/21,Protocol Logic,Private Key Compromised (Bad ECDSA Implementation),7900000,"Ethereum,BSC,Fantom",TRUE,CEX,,591,Solidity,https://rekt.news/anyswap-rekt/,,,,,,
Kannagi,7/30/23,Rugpull,Drained Contracts,1100000,"zkSync Era,Ethereum",FALSE,DeFi Protocol,,,,https://x.com/PeckShieldAlert/status/1685162644653973510,,,,,,
xToken,5/12/21,Ecosystem,Flashloan Price Oracle Attack,24000000,Ethereum,FALSE,DeFi Protocol,,206,Solidity,https://twitter.com/FrankResearcher/status/1392515198674681863?s=20,,ChainSec,,24500000.0,xToken,2021-05-12
BingX,9/20/24,Infrastructure,Hot wallet hack,43300000,Ethereum,FALSE,CEX,,4859,,https://x.com/OnchainDataNerd/status/1836977341094150398,,,,,,
Thorchain DEX,7/22/21,Protocol Logic,Refund Logic Exploit,8000000,Ethereum,FALSE,DeFi Protocol,,412,Solidity,https://rekt.news/thorchain-rekt2/,,,,,,
DAO Maker Vesting,9/4/21,Protocol Logic,Access Control Exploit,4000000,Ethereum,FALSE,DeFi Protocol,,921,Solidity,https://twitter.com/Mudit__Gupta/status/1434059922774237185?s=20&t=aoOtJLS6FHimjAE1anc1mg,parent#dao-maker,,,,,
Safe Dollar,6/28/21,Protocol Logic,Incentive Rewards Exploit,248000,Polygon,FALSE,DeFi Protocol,,424,Solidity,https://rekt.news/safedollar-rekt/,,ChainSec,,248000.0,SafeDollar,2021-06-28
BetterBank,8/26/25,Protocol Logic,Infinite Mint and Dump,5000000,PulseChain,FALSE,DeFi Protocol,,6611,Solidity,https://x.com/BetterBank_io/status/1960409391628189749,,,,,,
Grand Base,4/15/24,Infrastructure,Private Key Compromised (Unknown Method),1700000,Base,FALSE,DeFi Protocol,,,Solidity,https://twitter.com/PeckShieldAlert/status/1779796368732872856,,,,,,
FixedFloat,2/18/24,Infrastructure,Private Key Compromised,26100000,"Ethereum,Bitcoin",FALSE,DeFi Protocol,,,,https://cointelegraph.com/news/fixed-float-confirms-26m-exploit-bitcoin-ether,,,,,,
Saddle Finance,4/30/22,Ecosystem,Flashloan Swap Logic Exploit,11000000,Ethereum,FALSE,DeFi Protocol,,202,Solidity,https://rekt.news/saddle-finance-rekt2/,,ChainSec,,7.0,Saddle Finance,2022-04-30
Nomad,8/1/22,Protocol Logic,Trusted Root Exploit,190000000,Ethereum,TRUE,DeFi Protocol,,1682,Solidity,https://twitter.com/samczsun/status/1554252024723546112?s=20&t=mesLZTckBsl_X2_KbGcEHQ,,,,,,
Elephant Money,4/12/22,Ecosystem,Flashloan Price Oracle Attack,22200000,BSC,FALSE,DeFi Protocol,,1378,Solidity,https://twitter.com/BlockSecTeam/status/1513966074357698563,,,,,,
Euler V1,3/13/23,Protocol Logic,Flashloan Donate Function Logic Exploit,197000000,Ethereum,FALSE,DeFi Protocol,240000000,1183,Solidity,https://twitter.com/peckshield/status/1635229594596036608?s=20,parent#euler,,,,,
Unleash Protocol,12/30/25,Protocol Logic,Multisig Governance Hack,3900000,Story,FALSE,DeFi Protocol,,5793,Solidity,https://x.com/UnleashProtocol/status/2005907998691229933,,SlowMist,"Privilege compromise View Reference Sources 2025-12-29 Hacked target: MSCST Description of the event: On the BSC network, an unknown smart contract MSCST suffered a flash loan attack, resulting in an estimated loss of approximately $130,000. The root cause of the exploit lies in the lack of access control (ACL) within the releaseReward() function of the MSCST contract, which allowed the attacker to manipulate the price of the GPC token in the PancakeSwap liquidity pool (address: 0x12da). Amount of",3900000.0,Unleash Protocol,2025-12-30
Orion Pools,2/2/23,Protocol Logic,Reentrancy,3000000,BSC,FALSE,DeFi Protocol,,496,Solidity,https://twitter.com/peckshield/status/1621337925228306433?s=20&t=ZroERzkeCrxy3gHxtboQeA,parent#orion-protocol,,,,,
DIMO,11/7/25,Protocol Logic,Private Key Compromised,40000,Ethereum,TRUE,DeFi Protocol,,,,https://x.com/DIMO_Network/status/1986847282889957391,,,,,,
Locus Finance,12/30/23,Infrastructure,Private Key Compromised (Unknown Method),321000,"Ethereum,Arbitrum",FALSE,DeFi Protocol,,3371,,https://twitter.com/Locus_finance/status/1744374506267767267,,,,,,
Abracadabra Spell,1/30/24,Protocol Logic,Borrow Logic Exploit,6500000,Ethereum,FALSE,DeFi Protocol,,347,Solidity,https://twitter.com/peckshield/status/1752279373779194011,parent#abracadabra,,,,,
DEUS Finance,4/28/22,Ecosystem,Flashloan Price Oracle Attack,13400000,Fantom,FALSE,DeFi Protocol,,1387,Solidity,https://twitter.com/peckshield/status/1519530463337250817?s=20&t=Mr6sVLBWq_A0ej9Y3-qstA,,ChainSec,,13400000.0,Deus Finance,2022-04-28
Level Perps,5/1/23,Protocol Logic,Referral Claims Logic Exploit,1000000,BSC,FALSE,DeFi Protocol,,2395,Solidity,https://twitter.com/peckshield/status/1653149493133729794?t=ojjCnRcDogo3lOKIy8cKgA&s=19,parent#level-finance,,,,,
CoinSpot,11/9/23,Infrastructure,Private Key Compromised (Unknown Method),2400000,Ethereum,FALSE,CEX,,,,https://twitter.com/PeckShieldAlert/status/1722412658404843691,,,,,,
Alchemix,6/16/21,Protocol Logic,Borrow Logic Exploit,6500000,Ethereum,FALSE,DeFi Protocol,,204,Solidity,https://forum.alchemix.fi/public/d/137-incident-report-06162021,,ChainSec,,6500000.0,Alchemix,2021-06-16
Peapods Finance,7/8/25,Ecosystem,Oracle manipulation in user-created Pods,175000,Ethereum,FALSE,DeFi Protocol,,,Solidity,https://x.com/peckshield/status/1942542084214513996,,,,,,
Gala,5/20/24,Protocol Logic,Infinite Mint and Dump,22000000,Ethereum,FALSE,DeFi Protocol,,,Solidity,https://x.com/Thatguysgems/status/1792679865164128743,,,,,,
Curio,3/25/24,Protocol Logic,Voting Power Inflation,16000000,Ethereum,FALSE,DeFi Protocol,,,Solidity,https://x.com/CyversAlerts/status/1772216818645565673,,,,,,
Tender Finance,3/7/23,Ecosystem,Outdated Oracle Exploit,1600000,Arbitrum,FALSE,DeFi Protocol,850000,2382,Solidity,https://twitter.com/wasgiventhatday/status/1633056446278426624?s=20,,,,,,
Rivus DAO,9/16/24,Rugpull,Third-party Dev Backdoor Exploit,,Ethereum,FALSE,DeFi Protocol,,4574,Solidity,https://x.com/RivusDAO/status/1835782524746015137,,,,,,
HyperVault,9/26/25,Rugpull,Drain Vaults,3600000,Hyperliquid L1,FALSE,DeFi Protocol,,6597,Solidity,https://x.com/PeckShieldAlert/status/1971476404173930660,,,,,,
pump.fun,5/16/24,Infrastructure,Private Key Compromised (Unknown Method),2000000,Solana,FALSE,DeFi Protocol,,4449,Rust/Anchor,https://x.com/FrankResearcher/status/1791164323047293325,parent#pump,,,,,
Polter Finance,11/16/24,Protocol Logic,Flashloan Price Oracle Attack,12000000,Fantom,FALSE,DeFi Protocol,,4152,,https://cointelegraph.com/news/polter-finance-12m-hack-response,,,,,,
Sirio Finance,2/1/25,Protocol Logic,Flashloan Exploit,2000000,Hedera,FALSE,DeFi Protocol,,5706,Solidity,https://x.com/SirioFinance/status/1885800736967024957,,,,,,
ValueDefi,5/7/21,Protocol Logic,Math Mistake Exploit,11000000,BSC,FALSE,DeFi Protocol,,164,Solidity,https://twitter.com/FrankResearcher/status/1390905494844313602?s=20,parent#value-finance,,,,,
Conic Finance,7/21/23,Ecosystem,Flashloan Reentrancy Attack,3200000,Ethereum,FALSE,DeFi Protocol,,2616,Solidity,https://twitter.com/ConicFinance/status/1682385596700844032?t=4a-w-I06_7EcbwpKWbPZHA&s=19,,,,,,
BurgerSwap,5/28/21,Ecosystem,Flashloan Reentrancy Attack,7200000,BSC,FALSE,DeFi Protocol,,1295,,https://twitter.com/FrankResearcher/status/1398114924337971201?s=20&t=vVNaBlQNJ9WXRT54vvCZ8w,,ChainSec,,7200000.0,BurgerSwap,2021-05-28
Furucombo,2/27/21,Smart Contract Language,Delegatecall Exploit,14000000,Ethereum,FALSE,DeFi Protocol,,742,Solidity,https://twitter.com/Kurt_M_Barry/status/1365876788757471234?s=20&t=LObPnVPhVbkYv7U9e-AL7w,,,,,,
JayPegs Automart,9/17/21,Rugpull,Redirected Deposits,3100000,Ethereum,FALSE,DeFi Protocol,,,,https://rekt.news/jaypegs-automart-rekt/,,,,,,
Lava,10/4/24,Protocol Logic,Flashloan Exploit,130000,Arbitrum,FALSE,DeFi Protocol,,4241,Solidity,https://x.com/rotcivegaf/status/1842301803750470003,,,,,,
Nobitex,6/18/25,Infrastructure,Hot wallet hack,82000000,"Tron,Ethereum,BSC,Avalanche,Arbitrum,Polygon,Bitcoin",FALSE,CEX,,,,https://x.com/QuillAudits_AI/status/1935237054155444611,,,,,,
Hedgey,4/19/24,Ecosystem,Claim Contract Flashloan Exploit,44700000,"Arbitrum,Ethereum",FALSE,DeFi Protocol,,,Solidity,https://twitter.com/hedgeyfinance/status/1781257581488418862,,,,,,
Harvest Finance,10/26/20,Ecosystem,Flashloan Price Oracle Attack,25000000,Ethereum,FALSE,DeFi Protocol,,112,Solidity,https://rekt.news/harvest-finance-rekt/,,ChainSec,,24000000.0,Harvest Finance,2020-10-26
Yearn Ether,11/30/25,Protocol Logic,yETH stablepool Exploit,9000000,Ethereum,FALSE,DeFi Protocol,,3973,Solidity,https://x.com/Togbe0x/status/1995240261816070482,parent#yearn,,,,,
Hedera,3/10/23,Protocol Logic,Unknown,515000,Hedera,FALSE,DeFi Protocol,,,,https://rekt.news/hedera-rekt/,,,,,,
Poloniex,11/10/23,Infrastructure,Private Key Compromised (Unknown Method),126000000,"Tron,Ethereum,Bitcoin",FALSE,CEX,,,,https://twitter.com/peckshield/status/1722931275764474329,,,,,,
LeadBlock's Morpho Blue Market,10/14/24,Protocol Logic,Oracle Misconfiguration Exploit,250000,Ethereum,FALSE,DeFi Protocol,,,Solidity,https://x.com/omeragoldberg/status/1845515843787960661,,,,,,
Vesper Finance,11/3/21,Protocol Logic,Oracle Manipulation,3370000,Ethereum,FALSE,DeFi Protocol,,,Solidity,https://x.com/VesperFi/status/1455567032536248324,,,,,,
Mango Markets V3,10/11/22,Ecosystem,Price Oracle Attack,115000000,Solana,FALSE,DeFi Protocol,,286,Rust,https://twitter.com/joshua_j_lim/status/1579987648546246658?s=20&t=AFj8CwRWo5dFo_A1-A-18Q,parent#mango-markets,,,,,
Truflation,9/25/24,Infrastructure,Private Key Compromised (Malware),5000000,,FALSE,Other,,,,https://www.theblock.co/post/318209/coinbase-ventures-backed-truflation-hacked-for-about-5-million-says-zachxbt,,,,,,
SudoRare,8/23/22,Rugpull,Drained Contracts,800000,Ethereum,FALSE,DeFi Protocol,,,Solidity,https://www.theblock.co/post/164970/nft-exchange-sudorare-suffers-800000-rug-pull-six-hours-after-launch,,,,,,
Steadefi,8/8/23,Protocol Logic,Deployer Wallet Compromised,1157000,Ethereum,FALSE,DeFi Protocol,,2972,,https://twitter.com/steadefi/status/1688919583707877376,,,,,,
Crypto.com,1/18/22,Infrastructure,Private Key Compromised (Unknown Method),33700000,"Ethereum,Bitcoin",FALSE,CEX,,,,https://rekt.news/cryptocom-rekt/,,,,,,
0G Labs,12/11/25,Protocol Logic,emergencyWithdraw Function Exploit,516000,0G,FALSE,DeFi Protocol,,,Solidity,https://x.com/CertiKAlert/status/1999481982858715247,,,,,,
Dexible V2,2/20/23,Protocol Logic,Arbitrary External Call,2000000,"Ethereum,Arbitrum",FALSE,DeFi Protocol,,2249,Solidity,https://twitter.com/RektHQ/status/1628030868043300865,,,,,,
Ooki,2/15/20,Protocol Logic,Flashloan Slippage Attack,350000,Ethereum,FALSE,DeFi Protocol,,197,,https://www.coinbase.com/blog/around-the-block-analysis-on-the-bzx-attack-defi-vulnerabilities-the-state-of-debit-cards-in,,,,,,
Bond Protocol,10/21/22,Protocol Logic,Arbitrary External Call,300000,Ethereum,FALSE,DeFi Protocol,,2697,Solidity,https://twitter.com/Supremacy_CA/status/1583425026094641153,,,,,,
Portal,2/2/22,Protocol Logic,Signature Exploit,326000000,Solana,TRUE,DeFi Protocol,326000000,1541,Rust,https://twitter.com/samczsun/status/1489044939732406275?s=20&t=kfhTtvHGRyDbj-2P7f_hpA,,,,,,
Moola Market,10/18/22,Ecosystem,Price Oracle Attack,8400000,Celo,FALSE,DeFi Protocol,,489,Solidity,https://twitter.com/FrankResearcher/status/1582448720985014273?s=20&t=vRg4YjjP30kMjt_V7I0gfg,,,,,,
FutureSwap,12/16/25,Protocol Logic,Flashloan Governance Attack,270000,Ethereum,FALSE,DeFi Protocol,,228,Solidity,https://x.com/tenarmoralert/status/2001116475424133536,,,,,,
Cover Protocol,12/29/20,Protocol Logic,Incentives Function Mistake,9400000,Ethereum,FALSE,DeFi Protocol,,165,Solidity,https://coverprotocol.medium.com/12-28-post-mortem-34c5f9f718d4,,,,,,
Port3 Network,11/23/25,Protocol Logic,Infinite Mint and Dump,166000,BSC,FALSE,DeFi Protocol,,,Solidity,https://x.com/Port3Network/status/1992471015948210277,,,,,,
NowSwap,9/15/21,Protocol Logic,Inconsistent Value in Code,1000000,Ethereum,FALSE,DeFi Protocol,,,Solidity,https://x.com/BlockSecTeam/status/1438100688215560192,,,,,,
XBridge,4/24/24,Infrastructure,,1800000,"Ethereum,BSC",TRUE,DeFi Protocol,,,Solidity,,,,,,,
BNS,2/1/22,Infrastructure,Private Key Compromised (Unknown Method),7500000,,FALSE,CEX,,,,https://twitter.com/zachxbt/status/1630665458134163476,,,,,,
CoinEx,9/12/23,Infrastructure,Private Key Compromised (Unknown Method),55000000,"Ethereum,BSC,Bitcoin,Tron,Kadena,Solana,Dagger,XRP,BitcoinCash,Polygon,Stellar,Arbitrum",FALSE,CEX,,,,https://www.coindesk.com/tech/2023/09/13/north-korean-attackers-linked-to-54m-coinex-hack-blockchain-data-suggests/,,,,,,
ZKsync,4/15/25,Infrastructure,Private Key Compromised (Unknown Method),5000000,zkSync Era,FALSE,Other,,,Vyper,https://x.com/WuBlockchain/status/1912142777229754611,,,,,,
Orange Finance,1/8/25,Infrastructure,Private Key Compromised (Unknown Method),840000,Arbitrum,FALSE,DeFi Protocol,,3422,Solidity,https://x.com/0xorangefinance/status/1876863611458801890,,,,,,
Tapioca DAO,10/18/24,Protocol Logic,Private Key Compromised (Social Engineering),4700000,Arbitrum,FALSE,DeFi Protocol,,,Solidity,https://x.com/tapioca_dao/status/1847330264139145361,,,,,,
Kinto Bridge,7/10/25,Protocol Logic,ERC1967Proxy Backdoor Hijack,1550000,Arbitrum,FALSE,DeFi Protocol,,4336,Solidity,https://x.com/ramonrecuero/status/1943426114468352006,parent#kinto,,,,,
KyberSwap Classic,9/1/22,Infrastructure,Cloudflare Key Compromised,265000,Polygon,FALSE,DeFi Protocol,,127,,https://blog.kyberswap.com/post-mortem-past-kyberswap-frontend-exploit-sept-2022/,parent#kyberswap,,,,,
Skyward Finance,11/2/22,Protocol Logic,Reentrancy,3000000,Near,FALSE,DeFi Protocol,,,Rust,https://twitter.com/skywardfinance/status/1587947957789331457,,ChainSec,,1100000.0,Skyward Finance,2022-11-02
Exactly,8/18/23,Protocol Logic,DebtManager Exploit,7200000,Optimism,FALSE,DeFi Protocol,,2385,Solidity,https://twitter.com/DeDotFiSecurity/status/1692549866713407912,,,,,,
Upbit,11/26/25,Infrastructure,Private Key Compromised,36000000,Solana,FALSE,CEX,,,,https://x.com/layerggofficial/status/1993893233064333343,,,,,,
Popsicle Finance,8/3/21,Ecosystem,Flashloan Incentive Rewards Exploit,20000000,Ethereum,FALSE,DeFi Protocol,,585,Solidity,https://twitter.com/Mudit__Gupta/status/1422797923037814786?s=20&t=bZ-0VnJ8b4SQbx5PkaOGYg,,ChainSec,,,Popsicle Finance,2021-08-03
Qubit,1/28/22,Protocol Logic,Transfer Logic Exploit,80000000,BSC,TRUE,DeFi Protocol,,516,Solidity,https://medium.com/@QubitFin/protocol-exploit-report-305c34540fa3,,ChainSec,,80000000.0,Qubit,2022-01-28
Bald,8/2/23,Rugpull,Drained Liquidity Pool,23000000,Base,FALSE,DeFi Protocol,,,,https://x.com/PeckShieldAlert/status/1686225428649062400,,,,,,
Odin.Fun,8/12/25,Protocol Logic,Liquidity Manipulation Exploit,7000000,ICP,FALSE,DeFi Protocol,,,Motoko,https://uk.finance.yahoo.com/news/memecoin-launchpad-odin-fun-suffers-103510880.html,,,,,,
OcelotDex,9/20/24,Protocol Logic,Infinite Mint and Dump,4900000,Ethereum,FALSE,DeFi Protocol,,4095,Solidity,https://x.com/BlockscopeInc/status/1839049867987206329,,,,,,
Tectonic,2/22/24,Protocol Logic,Flashloan New Market Exploit,250000,Cronos,FALSE,DeFi Protocol,,1115,Solidity,https://cronoscan.com/tx/0x4c4584a57e5487a06e61c815c7ee368656ad58bd38774184eadcd97072dc1e4b,,,,,,
ApeRocket,7/14/21,Ecosystem,Flashloan Incentive Rewards Exploit,1260000,BSC,FALSE,DeFi Protocol,,401,,https://www.google.com/search?q=aperocketfi+hack&oq=aperocketfi+hack&aqs=chrome..69i57j33i10i160j33i21.3640j0j4&sourceid=chrome&ie=UTF-8,,,,,,
MonoX,11/30/21,Protocol Logic,Swap Function Exploit,31400000,"Ethereum,Polygon",FALSE,DeFi Protocol,,948,Solidity,https://twitter.com/BlockSecTeam/status/1465690478414761992,,ChainSec,,55000000.0,MonoX,2021-11-30
Hyperdrive HL,9/27/25,Protocol Logic,Router Exploit,773000,Hyperliquid L1,FALSE,DeFi Protocol,,6298,Solidity,https://x.com/PeckShieldAlert/status/1972119238178754651,,,,,,
Radiant V2,10/16/24,Protocol Logic,Access Control Exploit,53000000,"BSC,Arbitrum",FALSE,DeFi Protocol,,2706,Solidity,https://x.com/AnciliaInc/status/1846618258163761551,parent#radiant,,,,,
SBI Crypto,9/24/25,Infrastructure,,24000000,"Bitcoin,Ethereum,Litecoin,Doge,BitcoinCash",FALSE,Other,,,,https://www.coindesk.com/business/2025/10/01/sbi-crypto-reportedly-hit-by-usd21m-hack-with-suspected-dprk-links,,,,,,
Abracadabra Spell,10/4/25,Protocol Logic,Sequential State Manipulation Exploit,1700000,Ethereum,FALSE,DeFi Protocol,,347,Solidity,https://x.com/Phalcon_xyz/status/1974533451408986417,parent#abracadabra,,,,,
OlaXBT,9/1/25,Ecosystem,Multisig wallet Social Engineering Exploit,2000000,BSC,FALSE,DeFi Protocol,,,Solidity,https://x.com/CertiKAlert/status/1962439772280094975,,,,,,
EasyFi,4/19/21,Infrastructure,Private Key Compromised (Unknown Method),59000000,Polygon,FALSE,DeFi Protocol,,,,https://medium.com/easify-network/easyfi-security-incident-pre-post-mortem-33f2942016e9,,ChainSec,,80000000.0,EasyFi,2021-04-19
Binance Bridge,10/6/22,Protocol Logic,Proof Verifier Bug,570000000,BSC,TRUE,DeFi Protocol,,,,https://twitter.com/samczsun/status/1578167198203289600,,,,,,
Midas Capital,1/17/23,Ecosystem,Flashloan Reentrancy Attack,660000,Polygon,FALSE,DeFi Protocol,,1925,Solidity,https://rekt.news/midas-capital-rekt/,,,,,,
Dough Finance,7/12/24,Protocol Logic,Unvalidated call data exploit,1960000,Ethereum,FALSE,DeFi Protocol,,5109,Solidity,https://cointelegraph.com/news/dough-finance-loses-1-8m-flash-loan-attack,,,,,,
ParaSpace Lending V1,3/17/23,Protocol Logic,Borrow Logic Exploit,5000000,Ethereum,FALSE,NFTfi,5000000,2517,Solidity,https://twitter.com/BlockSecTeam/status/1636650252844294144?s=20,,,,,,
Solareum,3/29/24,Infrastructure,Private Key Compromised (Social Engineering),1400000,Solana,FALSE,DeFi Protocol,,,Move,,,,,,,
Kame Aggregator,9/12/25,Protocol Logic,swap() Function Flaw,1300000,Sei,FALSE,DeFi Protocol,,,,https://x.com/kame_agg/status/1967782820589568114,,,,,,
Cardex,2/18/25,Infrastructure,Private Key Compromised (Session signer),400000,Abstract,FALSE,DeFi Protocol,,,Solidity,https://x.com/0xCygaar/status/1891948692204368122,,,,,,
Munchables,3/26/24,Protocol Logic,Storage Slot Exploit,62500000,Blast,FALSE,Gaming,,4369,Solidity,https://twitter.com/_munchables_/status/1772739713687752761,,,,,,
Ronin Bridge,3/23/22,Infrastructure,Private Key Compromised (Social Engineering),624000000,Ethereum,TRUE,DeFi Protocol,,4440,,https://roninblockchain.substack.com/p/back-to-building-ronin-security-breach,,,,,,
Superfluid,2/8/22,Protocol Logic,CTX Exploit,8700000,Polygon,FALSE,DeFi Protocol,,693,Solidity,https://rekt.news/superfluid-rekt/,,,,,,
Earning.Farm,8/9/23,Protocol Logic,Reentrancy,540000,Ethereum,FALSE,DeFi Protocol,,,Solidity,https://twitter.com/CyversAlerts/status/1689193286420795393,,,,,,
Fortress Loans,5/8/22,Protocol Logic,Governance and Oracle Exploit,3000000,BSC,FALSE,DeFi Protocol,,2177,Solidity,https://rekt.news/fortress-rekt/,,,,,,
Corepound,9/23/25,Rugpull,Drained Contracts,430000,CORE,FALSE,DeFi Protocol,,5952,,https://x.com/coreecosystem/status/1970584860516651113,,,,,,
Venus Core Pool,3/29/25,Protocol Logic,Donation Attack,902000,zkSync Era,FALSE,DeFi Protocol,,212,Solidity,https://x.com/yonikesel/status/1905993100738134408,parent#venus-finance,,,,,
Lodestar V0,12/10/22,Ecosystem,Flashloan Price Oracle Attack,6900000,Arbitrum,FALSE,DeFi Protocol,,2339,Solidity,https://twitter.com/BowTiedPickle/status/1601650177369993216?s=20&t=lv-ruhz34Xz7S_fZVFZj7w,parent#lodestar-finance,,,,,
Ooki,11/5/21,Infrastructure,Private Key Compromised (Phishing),55000000,"Polygon,BSC",FALSE,DeFi Protocol,,197,,https://medium.com/tidal-finance/bzx-incident-report-e36828347a86,,,,,,
LiFi Finance,7/16/24,Protocol Logic,Router Exploit via Infinite Approvals,9730000,"zkSync Era,Linea,Metis",TRUE,DeFi Protocol,,,Solidity,https://x.com/RektHQ/status/1813329331105726812,,,,,,
Holograph,6/13/24,Protocol Logic,Infinite Mint and Dump,6700000,Ethereum,FALSE,DeFi Protocol,,,Solidity,https://www.coindesk.com/tech/2024/06/13/hlg-down-over-60-as-exploiter-mints-1-billion-new-tokens/,,,,,,
Growth DeFi,2/9/21,Ecosystem,Flashloan Price Oracle Attack,1300000,Ethereum,FALSE,DeFi Protocol,,159,Solidity,https://rekt.news/the-big-combo/,,,,,,
Loopscale,4/26/25,Protocol Logic,Price Oracle Manipulation,5800000,Solana,FALSE,DeFi Protocol,,,Rust,https://x.com/LoopscaleLabs/status/1916183179469246626,,,,,,
AlphaPo,7/26/23,Infrastructure,Private Key Compromised (Unknown Method),60000000,"Ethereum,Tron",FALSE,CEX,,,,https://rekt.news/alphapo-rekt/,,,,,,
Stake.com,9/4/23,Infrastructure,Private Key Compromised (Unknown Method),41300000,"Ethereum,BSC,Polygon",FALSE,Other,,,,https://twitter.com/web3isgreat/status/1698750534025441678,,,,,,
DeltaPrime,7/23/24,Protocol Logic,,1000000,Arbitrum,FALSE,DeFi Protocol,,2479,Solidity,https://x.com/DeltaPrimeDefi/status/1815536737206026346,,,,,,
Blizz Finance,5/13/22,Infrastructure,Outdated Oracle Exploit,21800000,Avalanche,FALSE,DeFi Protocol,,807,,https://rekt.news/venus-blizz-rekt/,,,,,,
BearnFi,5/17/21,Ecosystem,Flashloan Withdraw Logic Exploit,18000000,BSC,FALSE,DeFi Protocol,,387,,https://peckshield.medium.com/bearn-fi-incident-inconsistent-asset-denomination-between-vault-strategy-9b24b68ab1c0,,,,,,
GMBL.COMPUTER,9/6/23,Protocol Logic,Referral Claims Logic Exploit,815000,Arbitrum,FALSE,DeFi Protocol,,,,https://twitter.com/ImmuneBytes/status/1699338311230214536,,,,,,
GMX V1 Perps,9/18/22,Ecosystem,Price Oracle Attack,565000,Arbitrum,FALSE,DeFi Protocol,,337,Solidity,https://twitter.com/jayantkrish/status/1571893643178569728?s=20&t=O--bs-V1Xnkmzm2JZOdZsw,parent#gmx,,,,,
Grim Finance,12/18/21,Ecosystem,Flashloan Reentrancy Attack,30000000,Fantom,FALSE,DeFi Protocol,,493,Solidity,https://twitter.com/RugDocIO/status/1472293717725913089,,,,,,
Treasure,3/3/22,Protocol Logic,Buy Function Exploit,1400000,Arbitrum,FALSE,DeFi Protocol,,1350,Solidity,https://twitter.com/sniko_/status/1499202361180442627?s=20&t=PmAlFn3y2dhQSStkXyDCDA,,,,,,
Themis Protocol,6/27/23,Ecosystem,Flashloan Price Oracle Attack,370000,Arbitrum,FALSE,DeFi Protocol,,3158,Solidity,https://twitter.com/peckshield/status/1673778002373509121,,,,,,
Allbridge Core,4/2/23,Ecosystem,Flashloan Price Oracle Attack,650000,BSC,TRUE,DeFi Protocol,,3944,,https://allbridge.medium.com/allbridge-core-updates-following-the-relaunch-9f7716eeb5da,parent#allbridge,,,,,
Kronos Research,11/18/23,Infrastructure,API Key unauthorized access,26000000,Ethereum,FALSE,Other,,,,https://twitter.com/ResearchKronos/status/1726013733888041376,,,,,,
Curve DEX,7/30/23,Infrastructure,Vyper Compiler Bug,61700000,Ethereum,FALSE,DeFi Protocol,,3,Vyper,https://twitter.com/spreekaway/status/1685669149911990273,parent#curve-finance,,,,,
Inverse Finance Frontier,4/2/22,Ecosystem,Price Oracle Attack,15600000,Ethereum,FALSE,DeFi Protocol,,338,Solidity,https://twitter.com/FrankResearcher/status/1510239094777032713?s=20&t=RBNXo-6wEDCiBE5a9nO0-Q,parent#inverse-finance,,,,,
Harbor Protocol,8/19/23,,,,Comdex,FALSE,DeFi Protocol,,2388,Rust,https://twitter.com/PeckShieldAlert/status/1692852140199522716,,,,,,
Sturdy V1,6/12/23,Ecosystem,Flashloan Reentrancy Attack,770000,Ethereum,FALSE,DeFi Protocol,,1577,Solidity,https://twitter.com/blocksecteam/status/1668084629654638592,parent#sturdy,,,,,
Heco Bridge,11/22/23,Infrastructure,Private Key Compromised (Unknown Method),86600000,Ethereum,TRUE,DeFi Protocol,,,,https://twitter.com/TheBlock__/status/1727397707843621201,,,,,,
Wise Lending V1,1/12/24,Protocol Logic,Rounding Donation Attack,464000,Ethereum,FALSE,DeFi Protocol,,3491,Solidity,https://twitter.com/spreekaway/status/1745892488127070270,parent#wise-lending,,,,,
Lendf.me,4/19/20,Smart Contract Language,Reentrancy,1200000,Ethereum,FALSE,DeFi Protocol,,,Solidity,https://slowmist.medium.com/slowmist-details-of-lendf-me-reentrancy-attack-3e168ab5f2b1,,,,,,
ForceBridge,6/6/25,Protocol Logic,Acces Control Exploit,3900000,Nervos,TRUE,DeFi Protocol,,,Rust,https://x.com/hackenclub/status/1929451310060892202,,,,,,
BtcTurk,8/14/25,Infrastructure,Private Key Compromised,48000000,"Ethereum,Avalanche,Arbitrum,Base,Optimism,Mantle,Polygon",FALSE,CEX,,,Solidity,https://x.com/CyversAlerts/status/1955967877602803929,,,,,,
ElasticSwap,12/13/22,Ecosystem,Price Oracle Attack,854000,"Avalanche,Ethereum",FALSE,DeFi Protocol,520650,1919,,https://twitter.com/ElasticSwap/status/1602582495819694081,,,,,,
Onyx Protocol,11/1/23,Ecosystem,Flashloan Donate Function Logic Exploit,2100000,Ethereum,FALSE,DeFi Protocol,,1631,Solidity,https://twitter.com/decurityhq/status/1719657969925677161,parent#onyx,,,,,
Magpie Protocol,4/23/24,Protocol Logic,Router Exploit,129000,"Ethereum,Polygon,BSC,Blast,Avalanche,Arbitrum,Optimism,Base,zkSync Era,Polygon zkEVM",FALSE,DeFi Protocol,,,Solidity,https://twitter.com/magpieprotocol/status/1782708631126819137,,,,,,
Hundred Finance,4/15/23,Protocol Logic,Flashloan Donate Function Logic Exploit,7000000,Optimism,FALSE,DeFi Protocol,,607,Solidity,https://rekt.news/hundred-rekt2/,,ChainSec,,7000000.0,Hundred Finance,2023-04-15
Hope Finance,2/20/23,Rugpull,Router Exploit,1860000,Arbitrum,FALSE,DeFi Protocol,,,Solidity,https://twitter.com/Cointelegraph/status/1627976451814490113,,,,,,
LuBian,12/28/20,Infrastructure,Private Key Compromised (Brute Force),3500000000,Bitcoin,FALSE,Other,,,,https://x.com/arkham/status/1951729790299394113,,,,,,
Mirror,10/8/21,Infrastructure,Outdated Oracle Exploit,2000000,Terra,FALSE,DeFi Protocol,,260,Rust,https://twitter.com/FatManTerra/status/1531365988809293825?s=20&t=o8YSLZ0o7gAdHOxdVeuPcg,,,,,,
Ionic Protocol,2/4/25,Protocol Logic,Fake Collateral Exploit,4000000,Mode,FALSE,DeFi Protocol,,4070,Solidity,https://x.com/CyversAlerts/status/1886829735130407065,,,,,,
Yearn Finance,2/5/21,Ecosystem,Flashloan Price Oracle Attack,11000000,Ethereum,FALSE,DeFi Protocol,,113,Solidity,https://rekt.news/yearn-rekt/,parent#yearn,,,,,
Florence Finance,11/30/23,Infrastructure,Address Poisoning,1450000,Ethereum,FALSE,DeFi Protocol,,3197,Solidity,https://twitter.com/PeckShieldAlert/status/1730045158509727968,,,,,,
Rari Capital,5/8/21,Protocol Logic,Price Oracle Attack,10000000,Ethereum,FALSE,DeFi Protocol,,136,Solidity,https://twitter.com/FrankResearcher/status/1391087260125188099,,ChainSec,,15000000.0,Rari Capital,2021-05-08
dForce,4/19/20,Protocol Logic,Reentrancy,25000000,Ethereum,FALSE,DeFi Protocol,,123,,https://decrypt.co/26033/dforce-lendfme-defi-hack-25m,,ChainSec,,100.0,dForce,2020-04-19
Zabu Finance,9/12/21,Protocol Logic,Flashloan Exploit,3200000,Avalanche,FALSE,DeFi Protocol,,,Solidity,https://www.immunebytes.com/blog/zabu-finance-hack-sep-12-2021-detailed-analysis-report/,,ChainSec,,3200000.0,Zabu Finance,2021-09-12
Magnate Finance,8/25/23,Rugpull,Drained Contracts,6400000,Base,FALSE,DeFi Protocol,,3342,Solidity,https://twitter.com/PeckShieldAlert/status/1694946221788729440,,,,,,
Sentiment,4/4/23,Ecosystem,Flashloan Reentrancy Attack,1000000,Arbitrum,FALSE,DeFi Protocol,900000,2285,Solidity,https://twitter.com/spreekaway/status/1643314142214758410?t=Lsj87_GeYV3YDlVXX4bFHQ&s=19,,,,,,
CrediX,8/4/25,Infrastructure,Private Key Compromised,4500000,Sonic,FALSE,DeFi Protocol,,,Solidity,https://x.com/CyversAlerts/status/1952299850650747079,,,,,,
Bunny,7/16/21,Ecosystem,Flashloan Incentive Rewards Exploit,2400000,BSC,FALSE,DeFi Protocol,,254,Solidity,https://pancakebunny.medium.com/polybunny-post-mortem-compensation-42b5c35ce957,,,,,,
StableMagnet,6/23/21,Rugpull,Drained Contracts and User Wallets,27000000,BSC,FALSE,DeFi Protocol,,,Solidity,https://twitter.com/RugDocIO/status/1407830298251964427?s=20&t=ABcGHyHjFWrkOL8Ya2qfKQ,,,,,,
Agave,3/15/22,Ecosystem,Flashloan Reentrancy Attack,5500000,Gnosis Chain,FALSE,DeFi Protocol,,696,Solidity,https://rekt.news/agave-hundred-rekt/,,,,,,
Atlantis Loans,6/10/23,Rugpull,Access Control Exploit,116000,BSC,FALSE,DeFi Protocol,,745,Solidity,https://twitter.com/peckshield/status/1667624256111276033,,,,,,
Bitrue,4/14/23,Infrastructure,Hot wallet hack,23000000,,FALSE,CEX,,,,https://twitter.com/BTCTN/status/1646915702907973632,,,,,,
PRXVT,1/1/26,Protocol Logic,Sybil Attack with CREATE2 Addresses,97000,Base,FALSE,DeFi Protocol,,,Solidity,https://x.com/CertiKAlert/status/2006653156927889666,,,,,,
Meter,2/6/22,Protocol Logic,Deposit Function Exploit,7700000,Ethereum,TRUE,DeFi Protocol,,,Solidity,https://twitter.com/ishwinder/status/1490227406824685569?s=20&t=_Ypi0s4w213ow0Rdgp4tmw,,ChainSec,,,Meter,2022-02-06
Punk Protocol,8/10/21,Smart Contract Language,Delegatecall Exploit,8950000,Ethereum,FALSE,DeFi Protocol,,,Solidity,https://medium.com/punkprotocol/punk-finance-fair-launch-incident-report-984d9e340eb,,ChainSec,,10.0,Punk Protocol,2021-08-10
Clipper,12/1/24,Protocol Logic,API Signature Exploit,450000,"Optimism,Base",FALSE,DeFi Protocol,,622,,https://x.com/Clipper_DEX/status/1863263893470003460,,,,,,
Defrost,12/24/22,Rugpull,Oracle Manipulation,6000000,Avalanche,FALSE,DeFi Protocol,6000000,913,Solidity,https://de.fi/blog/exclusive-the-defrost-team-rug-pulled-12m-7m-999b24c13f47,,,,,,
Ambient,10/17/24,Ecosystem,Domain Hijack,,Ethereum,FALSE,DeFi Protocol,,3104,,https://x.com/ambient_finance/status/1846895776116379747,,,,,,
Raydium AMM,12/16/22,Infrastructure,Private Key Compromised (Unknown Method),4400000,Solana,FALSE,DeFi Protocol,,214,Rust,https://twitter.com/osec_io/status/1603763023151509505?s=20&t=_J9Y8NV-o0QeXHtnkyR-4A,parent#raydium,,,,,
Squid Games,11/3/21,Rugpull,Drained Liquidity Pool,3400000,BSC,FALSE,Gaming,,,Solidity,https://x.com/__tricck/status/1455083308702834690,,,,,,
SuperRare,7/28/25,Protocol Logic,updateMerkleRoot Access Control Exploit,730000,Ethereum,FALSE,DeFi Protocol,,3144,Solidity,https://x.com/CertiKAlert/status/1949772114309132363,,,,,,
DMM Bitcoin,5/31/24,Infrastructure,Private Key Compromised (Unknown Method),305000000,Bitcoin,FALSE,CEX,305000000,,,https://x.com/Cointelegraph/status/1796544899606524310,,,,,,
ValueDefi,11/14/20,Ecosystem,Flashloan Price Oracle Attack,7000000,Ethereum,FALSE,DeFi Protocol,,164,Solidity,https://rekt.news/value-defi-rekt/,parent#value-finance,ChainSec,,6000000.0,Value DeFi,2020-11-14
Shido,2/29/24,Protocol Logic,Private Key Compromised,3300000,Ethereum,FALSE,Other,,,Solidity,https://cointelegraph.com/news/shido-token-plummet-attacker-drains-staking-contract,,,,,,
Dexodus Finance,5/26/25,Protocol Logic,Price Manipulation Attack,300000,Base,FALSE,DeFi Protocol,300000,5428,Solidity,https://x.com/hklst4r/status/1927008251045929463,,,,,,
Panoptic V1.1,8/25/25,Protocol Logic,,0,"Base,Unichain,Ethereum",FALSE,DeFi Protocol,,6230,Solidity,https://x.com/Panoptic_xyz/status/1964010635026715015,parent#panoptic,,,,,
dYdX V3,11/18/23,Protocol Logic,Price Manipulation Attack,9000000,Ethereum,FALSE,DeFi Protocol,,144,,https://twitter.com/AntonioMJuliano/status/1725926693440045389,parent#dydx,,,,,
zkFinance,11/11/24,Protocol Logic,Oracle Misconfiguration Exploit,200000,zkSync Era,FALSE,DeFi Protocol,,4798,,https://x.com/spreekaway/status/1856101815995011427,,,,,,
xToken,8/29/21,Ecosystem,Flashloan Price Oracle Attack,4500000,Ethereum,FALSE,DeFi Protocol,,206,Solidity,https://medium.com/xtoken/xsnx-post-mortem-666d35071f38,,,,,,
Typus Perp,10/15/25,Protocol Logic,TLP Contract Exploit,3400000,Sui,FALSE,DeFi Protocol,,6014,Move,https://x.com/TypusFinance/status/1978465485395304778,parent#typus-finance,,,,,
Garden,10/30/25,Protocol Logic,Private Key Compromised,10800000,"Ethereum,Arbitrum,Base,Solana",TRUE,DeFi Protocol,,4086,,https://x.com/QuillAudits_AI/status/1983910001350783316,,,,,,
Roe Finance,1/11/23,Ecosystem,Flashloan Pool Shares Exploit,80000,"Ethereum,Polygon",FALSE,DeFi Protocol,,2357,,https://twitter.com/spreekaway/status/1613205435762495488,,,,,,
Gamma,1/4/24,Protocol Logic,Price Manipulation Attack,4500000,Arbitrum,FALSE,DeFi Protocol,,355,Solidity,https://twitter.com/peckshieldalert/status/1742753372334399513,,,,,,
Ronin Bridge,8/6/24,Protocol Logic,MEV bot manipulation exploit,12000000,Ethereum,TRUE,DeFi Protocol,,4440,Solidity,https://x.com/Ronin_Network/status/1820804772917588339,,,,,,
Omm,1/21/23,Protocol Logic,Redeem Function Exploit,1891000,Icon,FALSE,DeFi Protocol,,546,Java,https://forum.omm.finance/t/omm-exploit-postmortem-january-2023/266,,,,,,
uniBTC,9/26/24,Protocol Logic,Minting Logic Exploit,1700000,Ethereum,FALSE,DeFi Protocol,,4966,Solidity,https://x.com/phtevenstrong/status/1839389432975397017,,,,,,
KiloEx,4/14/25,Protocol Logic,Price Oracle Manipulation,7500000,"BSC,Base,Taiko",FALSE,DeFi Protocol,6750000,3329,Solidity,https://x.com/shoucccc/status/1911862514440376446,,,,,,
Clober Liquidity Vault,12/10/24,Protocol Logic,Reentrancy,500000,Base,FALSE,DeFi Protocol,,5315,,https://x.com/peckshieldalert/status/1866434326596112705,parent#clober,,,,,
Badger DAO,12/2/21,Infrastructure,Cloudflare Key Compromised,120000000,Ethereum,FALSE,DeFi Protocol,,173,,https://badger.com/technical-post-mortem,,ChainSec,,2100000000000.0,BadgerDAO,2021-12-02
Convergence,8/1/24,Protocol Logic,Missing Input Validation,210000,Ethereum,FALSE,DeFi Protocol,,,Solidity,https://www.coindesk.com/markets/2024/08/01/defi-protocol-convergence-hacked-cvg-token-plunges-99-on-curve/,,,,,,
Raga Finance,11/22/25,Infrastructure,HyperEVM Delta Neutral Exploit,18500,Hyperliquid L1,FALSE,DeFi Protocol,,,Solidity,https://x.com/ragafinance/status/1994384974049591647,,,,,,
DuelBits,2/13/24,Infrastructure,Private Key Compromised,4600000,Ethereum,FALSE,CEX,,,,https://x.com/CertiKAlert/status/1757681640384381238,,,,,,
Wintermute,6/5/22,Infrastructure,Cross Chain Multisig Deployment Exploit,27600000,Optimism,FALSE,DeFi Protocol,,,,https://banteg.mirror.xyz/iZAsBNL3j_5NIAY2Erav1r7Q4ecc7SC76AfMjyScs34,,,,,,
SharedStake,9/1/23,Protocol Logic,Ownership Override Attack,175000,Ethereum,FALSE,DeFi Protocol,,275,,https://twitter.com/spreekaway/status/1697612239929246022,,,,,,
Mars Perps,12/14/25,Protocol Logic,Thin-Market Skew Exploit,960000,Neutron,FALSE,DeFi Protocol,,5498,Rust,https://x.com/mars_protocol/status/2000283619361800307,parent#mars-protocol,,,,,
Vestra DAO,12/4/24,Protocol Logic,Staking Logic Exploit,500000,Ethereum,FALSE,DeFi Protocol,,,Solidity,https://x.com/_czepluch/status/1866112404242743590,,,,,,
Indexed Finance,10/14/21,Ecosystem,Flashloan Price Oracle Attack,16000000,Ethereum,FALSE,DeFi Protocol,,188,Solidity,https://ndxfi.medium.com/indexed-attack-post-mortem-b006094f0bdc,,,,,,
Remitano,9/15/23,Infrastructure,Private Key Compromised (Unknown Method),2700000,"Ethereum,Tron,BitcoinCash",FALSE,CEX,,,,https://twitter.com/CyversAlerts/status/1702348063145165016/photo/1,,,,,,
PeopleDAO,3/8/23,Infrastructure,Social Engineering,120000,Ethereum,FALSE,DAO,,,,https://twitter.com/The_PeopleDAO/status/1634518915668668416?s=20,,,,,,
Midas Capital,6/17/23,Protocol Logic,Redeem Rounding Error Exploit,600000,BSC,FALSE,DeFi Protocol,,1925,Solidity,https://twitter.com/peckshield/status/1670148905810403330?s=20,,,,,,
pNetwork,10/4/21,Protocol Logic,Log Spoofing,13000000,"BSC,Bitcoin",TRUE,DeFi Protocol,,,Rust,https://www.halborn.com/blog/post/explained-the-pnetwork-hack-september-2021,,,,,,
Evoq Finance,9/10/25,Infrastructure,Advanced Persistent Threat (APT) attack,420000,BSC,FALSE,DeFi Protocol,,5959,Solidity,https://x.com/Evoq_Finance/status/1965691948939014408,,,,,,
Ribbon,12/12/25,Protocol Logic,Private Key Compromised,2700000,Ethereum,FALSE,DeFi Protocol,,281,Solidity,https://x.com/specteranalyst/status/1999532982411854109,parent#ribbon-finance,,,,,
KuCoin,9/29/20,Infrastructure,Private Key Compromised (Unknown Method),45000000,Ethereum,FALSE,CEX,,2274,,https://rekt.news/epic-hack-homie/,,,,,,
ETHTrustFund,7/22/24,Rugpull,Transferred Treasury to Mixers,2100000,Base,FALSE,DeFi Protocol,,,Solidity,https://cointelegraph.com/news/ethtrustfund-dao-transfers-treasury-apparent-rug-pull,,,,,,
Berally,3/14/25,Infrastructure,Private Key Compromised (Unknown Method),90000,Berachain,FALSE,DeFi Protocol,,,Solidity,https://x.com/Berally_io/status/1900732333562744870,,,,,,
Unibot,10/31/23,Protocol Logic,Token approval exploit,640000,Ethereum,FALSE,DeFi Protocol,,3106,Solidity,https://twitter.com/peckshield/status/1719223437024284978,,,,,,
Cork V1,5/28/25,Protocol Logic,Access control bypass via hook,12000000,Ethereum,FALSE,DeFi Protocol,,6262,Solidity,https://x.com/CyversAlerts/status/1927701403092316254,,,,,,
Safemoon,3/28/23,Protocol Logic,Access Control Exploit,8900000,BSC,FALSE,DeFi Protocol,,,Solidity,https://twitter.com/MoonMark_/status/1640844732082290688?s=20,,,,,,
PolyNetwork,8/12/24,Protocol Logic,Reentrancy,5000000,PolyNetwork,TRUE,DeFi Protocol,,,Solidity,https://medium.com/flamingo-finance/poly-network-bridge-exploit-and-the-asset-support-initiative-c80c636255bb,,,,,,
FTX,11/12/22,Infrastructure,Private Key Compromised (Unknown Method),450000000,"Ethereum,Solana",FALSE,CEX,,,,https://twitter.com/zachxbt/status/1591475246250733568?s=20&t=jbwCEhQZKfWFnLPtCwErAg,,,,,,
OKX NFT Aggregator,6/20/24,Protocol Logic,Access Control Exploit,14000,BSC,FALSE,CEX,,,Solidity,https://x.com/shoucccc/status/1803973429345030381,,,,,,
KyberSwap Elastic,11/22/23,Protocol Logic,Flashloan Swap Logic Exploit,48000000,"Ethereum,Base,Polygon,Optimism,Arbitrum",FALSE,DeFi Protocol,,2615,Solidity,https://twitter.com/KyberNetwork/status/1727475235342217682,parent#kyberswap,,,,,
Zunami Protocol,8/13/23,Ecosystem,Price Manipulation Attack,2100000,Ethereum,FALSE,DeFi Protocol,,1201,Solidity,https://twitter.com/decryptmedia/status/1690946389323157504,,,,,,
Balancer V2,11/3/25,Protocol Logic,Composable Stable Pools Exploit,128000000,"Ethereum,Arbitrum,Base,Polygon,Sonic,Optimism",FALSE,DeFi Protocol,,2611,Solidity,https://x.com/lookonchain/status/1985258890863501820,parent#balancer,,,,,
Rodeo,7/4/23,Protocol Logic,Mint Reserves Logic Exploit,90000,Arbitrum,FALSE,DeFi Protocol,,2841,Solidity,https://twitter.com/Phalcon_xyz/status/1676511696603729921?s=20,,,,,,
Coincheck,1/26/18,Infrastructure,Private Key Compromised (Unknown Method),534000000,NEM,FALSE,CEX,,,,https://www.bbc.com/news/world-asia-42845505,,,,,,
Parity Multisig,11/9/17,Protocol Logic,Contract not initialized,150000000,Ethereum,FALSE,DeFi Protocol,,,Solidity,https://blog.openzeppelin.com/on-the-parity-wallet-multisig-hack-405a8c12e8f7,,,,,,
Local Traders,5/24/23,Protocol Logic,Access Control Exploit,118000,BSC,FALSE,DeFi Protocol,,,Solidity,https://twitter.com/BeosinAlert/status/1661210668291489794,,,,,,
Sonne Finance,5/15/24,Ecosystem,Flashloan Donate Function Logic Exploit,20000000,Optimism,FALSE,DeFi Protocol,,2142,Solidity,https://medium.com/@SonneFinance/post-mortem-sonne-finance-exploit-12f3daa82b06,,,,,,
Atomic Wallet,6/3/23,Infrastructure,Private Key Compromised (Unknown Method),100000000,"Ethereum,Tron,BSC,Bitcoin,Polkadot,Avalanche",FALSE,Wallet,,,,https://twitter.com/tayvano_/status/1668778031790587905?t=ZXAVt7ExhHZcGIzs5ZD33w&s=19,,,,,,
AscenDEX,12/11/21,Infrastructure,Private Key Compromised,77000000,"Ethereum,BSC,Polygon",FALSE,CEX,,,,https://rekt.news/ascendex-rekt/,,,,,,
Spectral Labs,12/1/24,Protocol Logic,Bonding Curve Exploit,200000,Ethereum,FALSE,DeFi Protocol,,,,https://x.com/Spectral_Labs/status/1863212410070253824,,,,,,
Moonwell Lending,11/4/25,Protocol Logic,Oracle Price Feed Manipulation,1000000,"Base,Optimism",FALSE,DeFi Protocol,,1853,Solidity,https://x.com/getfailsafe/status/1985628261913919702,parent#moonwell,,,,,
Hundred Finance,3/15/22,Ecosystem,Flashloan Reentrancy Attack,6200000,Gnosis Chain,FALSE,DeFi Protocol,,607,Solidity,https://rekt.news/agave-hundred-rekt/,,,,,,
Ankr,12/2/22,Protocol Logic,Access Control Exploit,5000000,BSC,FALSE,DeFi Protocol,5000000,278,Solidity,https://twitter.com/ankr/status/1598503332477280256,,ChainSec,,,Ankr,2022-12-02
CREAM Lending,8/30/21,Ecosystem,Flashloan Reentrancy Attack,18800000,Ethereum,FALSE,DeFi Protocol,,121,Solidity,https://twitter.com/peckshield/status/1432249600002478081,parent#cream-finance,,,,,
Deribit,11/1/22,Infrastructure,Private Key Compromised (Unknown Method),28000000,,FALSE,CEX,,2273,,https://twitter.com/DeribitExchange/status/1587701883778523136,,,,,,
DeltaPrime,11/11/24,Protocol Logic,Debt Swap Exploit,4800000,"Arbitrum,Avalanche",FALSE,DeFi Protocol,,2479,Solidity,https://x.com/peckshield/status/1855900790063607929,,,,,,
Shibarium,9/13/25,Protocol Logic,Validator Stake Manipulation by Flashloan,3000000,Shibarium,TRUE,DeFi Protocol,,,Solidity,https://x.com/0xZilayo/status/1966785029968724351,,,,,,
Kokomo Finance,3/27/23,Rugpull,Drained Contracts,4000000,Optimism,FALSE,DeFi Protocol,,,Solidity,https://x.com/CertiKAlert/status/1640118618548568069,,,,,,
DEXX,11/16/24,Infrastructure,Private Key Compromised (Stored Publicly),21000000,Solana,FALSE,Wallet,,,,https://x.com/DEXXai_EN/status/1857830993656418763,,,,,,
WOOFi Swap,3/5/24,Protocol Logic,Price Oracle Manipulation,8500000,Arbitrum,FALSE,DeFi Protocol,,1461,Solidity,https://twitter.com/peckshieldalert/status/1765054155478175943,parent#woofi,,,,,
PrismaLST,3/28/24,Protocol Logic,Flashloan Trove Manipulation,11600000,Ethereum,FALSE,DeFi Protocol,,3473,Solidity,https://twitter.com/PeckShieldAlert/status/1773345454832378109,parent#prisma,,,,,
Trinity Wallet,2/12/20,Infrastructure,Cloudflare Key Compromised,2350000,Iota,FALSE,Wallet,,,,https://blog.iota.org/trinity-attack-incident-part-1-summary-and-next-steps-8c7ccc4d81e8/,,,,,,
Bittensor,7/2/24,Infrastructure,Private Key Compromised (Supply Chain Attack),8000000,,FALSE,DeFi Protocol,,4547,Python,https://x.com/vishal4c/status/1808332836484927677,,,,,,
Abracadabra Spell,3/25/25,Protocol Logic,,13000000,Arbitrum,FALSE,DeFi Protocol,,347,Solidity,https://x.com/peckshield/status/1904501599848038490,parent#abracadabra,,,,,
Bitmart,12/4/21,Infrastructure,Private Key Compromised (Unknown Method),196000000,"Ethereum,BSC",FALSE,CEX,,,,https://rekt.news/bitmart-rekt/,,,,,,
LendHub,1/16/23,Protocol Logic,Collateral Offboarding Mistake,6000000,Heco,FALSE,DeFi Protocol,,380,Solidity,https://twitter.com/SlowMist_Team/status/1613906590574198784?s=20,,,,,,
Paid Network,3/5/21,Rugpull,Infinite Mint and Dump,27000000,Ethereum,FALSE,DeFi Protocol,,,,https://rekt.news/paid-rekt/,,ChainSec,,160000000.0,Paid Network,2021-03-05
Compound V2,9/29/21,Protocol Logic,Math Mistake Exploit,147000000,Ethereum,FALSE,DeFi Protocol,,114,Solidity,https://rekt.news/compound-rekt/,parent#compound-finance,,,,,
Coinbase,8/13/25,Ecosystem,MEV composability attack,300000,Ethereum,FALSE,CEX,,,Solidity,https://x.com/deeberiroz/status/1955718986894549344,,,,,,
Terra 2.0,7/31/24,Infrastructure,IBC hooks exploit,5000000,Terra2,FALSE,DeFi Protocol,,,Golang,https://medium.com/@Rarma_/terra-ibc-hooks-exploit-21cca87d70a4,,,,,,
Bungee,1/16/24,Protocol Logic,Missing Input Validation,3300000,Ethereum,TRUE,DeFi Protocol,,,Solidity,https://www.dlnews.com/articles/defi/hacker-swipes-33m-from-bungee-crypto-bridge-users/,,,,,,
Seneca,2/28/24,Protocol Logic,Token approval exploit,6500000,"Ethereum,Arbitrum",FALSE,DeFi Protocol,,4137,Solidity,https://twitter.com/spreekaway/status/1762857769714012217,,,,,,
Ola Finance,3/31/22,Smart Contract Language,Reentrancy,4000000,Fuse,FALSE,DeFi Protocol,,,Solidity,https://www.coindesk.com/tech/2022/03/31/ola-finance-exploited-for-36m-in-re-entrancy-attack/,,,,,,
Hector Lending,6/2/23,Protocol Logic,Unknown,653000,Fantom,TRUE,DeFi Protocol,,2761,,https://twitter.com/Hector_Network/status/1664720154595414019,parent#hector-network,,,,,
numa.,8/10/25,Protocol Logic,NumaVault Exploit,320000,Sonic,FALSE,DeFi Protocol,,,Solidity,https://x.com/CertiKAlert/status/1954758545859375266,,,,,,
Sharwa.Finance,10/20/25,Protocol Logic,Price Manipulation Attack,146000,Arbitrum,FALSE,DeFi Protocol,,6876,Solidity,https://x.com/hklst4r/status/1980157251550670992,,,,,,
Meerkat Finance,3/4/21,Rugpull,Drained Contracts,32000000,BSC,FALSE,DeFi Protocol,,,Solidity,https://rekt.news/meerkat-finance-bsc-rekt/,,ChainSec,,31000000.0,Meerkat Finance,2021-03-04
GeniusAI,5/5/24,Infrastructure,Private Key Compromised (Discord Hack),1270000,"Fantom,Ethereum",FALSE,DeFi Protocol,,,Solidity,https://cointelegraph.com/news/gnus-discord-hack-causes-1-27-million-losses,,,,,,
Fegex,12/29/24,Protocol Logic,Missing Access Control,900000,"Ethereum,BSC,Base",FALSE,DeFi Protocol,,672,Solidity,https://x.com/Phalcon_xyz/status/1873634026444968034,,,,,,
Merlin,6/29/21,Protocol Logic,Incentive Rewards Exploit,330000,BSC,FALSE,DeFi Protocol,,370,Solidity,https://rekt.news/merlin3-rekt/,,,,,,
Bondly,7/15/21,Infrastructure,Private Key Compromised (Unknown Method),5900000,Ethereum,FALSE,DeFi Protocol,,,Solidity,https://rekt.news/bondly-rekt/,,,,,,
Velocore V2,6/2/24,Protocol Logic,Fee Overflow Exploit,6800000,"Linea,zkSync Era",FALSE,DeFi Protocol,,3330,Solidity,https://x.com/velocorexyz/status/1797229772399067587,parent#velocore,,,,,
Dragoma,8/8/22,Rugpull,Drain Vaults,3500000,Polygon,FALSE,DeFi Protocol,,,,https://www.coindesk.com/business/2022/08/08/polygon-based-web3-game-dragoma-supporters-fall-victim-to-35m-rug-pull-peckshield/,,,,,,
UXLINK,9/22/25,Protocol Logic,Delegatecall Exploit,11300000,"Ethereum,Arbitrum",FALSE,DeFi Protocol,,6040,Solidity,https://x.com/CyversAlerts/status/1970167036002132425,,,,,,
Orbit Bridge,12/31/23,Protocol Logic,Signature Exploit,81700000,Ethereum,TRUE,DeFi Protocol,,1981,Solidity,https://cointelegraph.com/news/cross-chain-protocol-orbit-bridge-suffers-exploit-hack,,,,,,
Penpie,9/3/24,Protocol Logic,Reentrancy,27000000,Ethereum,FALSE,DeFi Protocol,,3083,Solidity,https://x.com/shoucccc/status/1831044487323529639,parent#magpie-ecosystem,,,,,
Nemo Yield Trading,9/8/25,Protocol Logic,Price Oracle Manipulation,2400000,Sui,FALSE,DeFi Protocol,,6313,Move,https://x.com/CertiKAlert/status/1964942965098656034,parent#nemo,,,,,
Alpha Finance,2/13/21,Ecosystem,Flashloan Pool Shares Exploit,37500000,Ethereum,FALSE,DeFi Protocol,,,Solidity,https://blog.alphaventuredao.io/alpha-homora-v2-post-mortem/,,,,,,
Bitget,4/20/25,Infrastructure,Market-Making Bot Exploit,100000000,,FALSE,CEX,,,,https://x.com/0xDamix/status/1913918706985623945,,,,,,
Yearn Finance,12/16/25,Protocol Logic,misconfigured Fulcrum sUSD strategy,300000,Ethereum,FALSE,DeFi Protocol,,113,Solidity,https://x.com/peckshieldalert/status/2001080131360842011,parent#yearn,,,,,
CoinsPaid,7/22/23,Ecosystem,Social Engineering,37300000,,FALSE,Other,,,,https://twitter.com/coinspaid/status/1684297537010774017,,,,,,
Merlin,5/26/21,Protocol Logic,Math Mistake Exploit,550000,BSC,FALSE,DeFi Protocol,,370,Solidity,https://rekt.news/merlin2-rekt/,,,,,,
CoinDCX,7/19/25,Infrastructure,,44200000,,FALSE,CEX,,4042,,https://x.com/CryptooIndia/status/1946596846052458548,,,,,,
Rain,4/29/24,Infrastructure,,14800000,"Bitcoin,Ethereum,XRP,Solana",FALSE,CEX,,,,https://twitter.com/CoinDesk/status/1790197230915194916,,,,,,
US Government Crypto Wallet,10/24/24,,,20000000,Ethereum,FALSE,Other,,,,https://x.com/decryptmedia/status/1849540098607415441,,,,,,
Rubic,12/25/22,Protocol Logic,Router Exploit,1410000,Ethereum,TRUE,DeFi Protocol,,1282,Solidity,https://twitter.com/peckshield/status/1606937055761952770?s=20&t=Vdvjv2C7zUazmgvQ2SOQow,,ChainSec,,,Rubic,2022-12-25
SwissBorg,9/9/25,Infrastructure,Third-party API compromise,41500000,Solana,FALSE,CEX,,2295,,https://x.com/rishabhsrishi/status/1965115870042263828,,,,,,
Bitcoin Mission,4/22/25,Protocol Logic,overPaper Function Exploit,1300000,Arbitrum,FALSE,DeFi Protocol,,,Solidity,https://x.com/officer_cia/status/1914690926695362685,,,,,,
OKX DEX,12/13/23,Infrastructure,Private Key Compromised (Unknown Method),2700000,Ethereum,FALSE,DeFi Protocol,,,Solidity,https://twitter.com/TheBlock__/status/1734921504523956630,,,,,,
DEUS Finance,3/15/21,Ecosystem,Flashloan Price Oracle Attack,3000000,Fantom,FALSE,DeFi Protocol,,1387,Solidity,https://twitter.com/peckshield/status/1503632734299701250,,,,,,
SurgeBNB,8/17/21,Ecosystem,Flashloan Reentrancy Attack,4000000,BSC,FALSE,DeFi Protocol,,,Solidity,https://beosin.medium.com/a-sweet-blow-fb0a5e08657d,,,,,,
Unilend V2,1/12/25,Protocol Logic,Redeem Process Exploit,197600,Ethereum,FALSE,DeFi Protocol,,4288,Solidity,https://www.the-blockchain.com/2025/01/13/unilend-finance-losses-197-6k-to-a-redeem-process-vulnerability-exploit/,parent#unilend,,,,,
Cashio,3/23/22,Protocol Logic,Collateral Validation Exploit,48000000,Solana,FALSE,DeFi Protocol,,793,Rust,https://twitter.com/samczsun/status/1506578902331768832?s=20&t=UL8INfwfJ5hgY7Vq9M3Sbw,,ChainSec,,52800000.0,Cashio,2022-03-23
The DAO,6/17/16,Protocol Logic,Reentrancy,60000000,Ethereum,FALSE,DeFi Protocol,,,Solidity,https://ogucluturk.medium.com/the-dao-hack-explained-unfortunate-take-off-of-smart-contracts-2bd8c8db3562,,,,,,
Nirvana V1,7/28/22,Ecosystem,Flashloan Price Oracle Attack,3500000,Solana,FALSE,DeFi Protocol,,1825,Rust,https://twitter.com/osec_io/status/1552589378719207424?s=20&t=I8QXz7iG0z7hjvfCA579LA,parent#nirvana,,,,,
BtcTurk,6/22/24,,Private Key Compromised (Unknown Method),54000000,,FALSE,CEX,,,,https://x.com/wublockchain/status/1804487593062752260,,,,,,
Usual,5/27/25,Protocol Logic,Arbitration Exploit,43000,Ethereum,FALSE,DeFi Protocol,,4882,Solidity,https://x.com/BlockSecTeam/status/1927601457815040283,,,,,,
Paraluni Masterchef,3/13/22,Ecosystem,Flashloan Reentrancy Attack,1700000,BSC,FALSE,DeFi Protocol,,1520,Solidity,https://slowmist.medium.com/paraluni-incident-analysis-58be442a4f99,parent#paraluni,,,,,
CoinDash,7/18/17,Protocol Logic,Frontend Attack,7700000,Ethereum,FALSE,ICO,,,,https://www.coindesk.com/markets/2017/07/17/7-million-lost-in-coindash-ico-hack/,,,,,,
Cozy V2,8/30/25,Protocol Logic,Insufficient Sender Verification Exploit,427000,Optimism,FALSE,DeFi Protocol,,2964,Solidity,https://x.com/DecurityHQ/status/1961810726164533602,parent#cozy-finance,,,,,
zkLend,2/11/25,Protocol Logic,Empty Market Exploit,9550000,Starknet,FALSE,DeFi Protocol,,3079,Cairo,https://x.com/zkLend/status/1889515118368829559,parent#zklend-finance,,,,,
Poly Network,8/10/21,Protocol Logic,Access Control Exploit,611000000,"Ethereum,BSC,Polygon",TRUE,DeFi Protocol,,1796,Solidity,https://slowmist.medium.com/the-root-cause-of-poly-network-being-hacked-ec2ee1b0c68f,,ChainSec,,,Poly Network,2021-08-10
XT Exchange,11/28/24,Infrastructure,,1700000,Ethereum,FALSE,CEX,,,,https://x.com/protos/status/1862100763570294837,,,,,,
Rho Markets,7/19/24,Protocol Logic,Price Oracle Manipulation,7600000,Scroll,FALSE,DeFi Protocol,,4808,Solidity,https://x.com/DLNewsInfo/status/1814302008213410292,,,,,,
GriffinAI,9/24/25,Infrastructure,False Peer Exploit,3000000,BSC,FALSE,DeFi Protocol,,,Solidity,https://x.com/CertiKAlert/status/1971053766540657069,,,,,,
Turtle Dex,3/20/21,Rugpull,Drained Contracts,2500000,BSC,FALSE,DeFi Protocol,,,Solidity,https://cointelegraph.com/news/binance-smart-chain-s-turtledex-rugpulls-shortly-after-launch,,,,,,
Gate,4/21/18,Infrastructure,Private Key Compromised (Unknown Method),235000000,,FALSE,CEX,,2314,,https://www.justice.gov/opa/press-release/file/1253491/download,,,,,,
Monoswap,7/31/24,Infrastructure,Private Key Compromised (Malware),1300000,Blast,FALSE,DeFi Protocol,,,Solidity,https://x.com/monoswapio/status/1816151998267547851,,,,,,
Multichain,7/7/23,Infrastructure,Private Key Compromised (Unknown Method),126000000,"Moonriver,BSC,Fantom",TRUE,DeFi Protocol,,591,,https://twitter.com/tayvano_/status/1677106407131475968?t=VKQSi0VcSbv_Jgi8Q58SqQ&s=19,,,,,,
Belt Finance,5/29/21,Ecosystem,Flashloan Price Oracle Attack,6300000,BSC,FALSE,DeFi Protocol,,310,Solidity,https://rekt.news/belt-rekt/,,,,,,
Texture,7/9/25,,,2200000,Solana,FALSE,DeFi Protocol,,,Rust,https://x.com/texture_fi/status/1942972150631002245,,,,,,
Arbix Finance,1/4/22,Rugpull,Drained Contracts,10000000,BSC,FALSE,DeFi Protocol,,,Solidity,https://rekt.news/arbix-rekt/,,,,,,
Bybit,2/21/25,Protocol Logic,Safe Multisig wallet Phishing Exploit,1400000000,Ethereum,FALSE,CEX,1400000000,2286,Solidity,https://x.com/benbybit/status/1892963530422505586,,,,,,
Save,11/2/22,Ecosystem,Price Oracle Attack,1260000,Solana,FALSE,DeFi Protocol,,458,Rust,https://twitter.com/solendprotocol/status/1587671511137398784,parent#save-protocol,,,,,
Amun,12/26/22,Protocol Logic,Controlled Rebalance Manipulation,300000,Ethereum,FALSE,DeFi Protocol,,400,,https://medium.com/amun-tokens/peco-dfi-post-mortem-december-26th-2022-46576394def9,,,,,,
GANA Payment,11/20/25,Infrastructure,Private Key Compromised,3100000,BSC,FALSE,DeFi Protocol,,,Solidity,https://www.theblock.co/post/379619/gana-payment-exploit,,,,,,
Thorchain DEX,7/15/21,Protocol Logic,Over-ride Logic Exploit,5000000,Ethereum,FALSE,DeFi Protocol,,412,Solidity,https://rekt.news/thorchain-rekt/,,,,,,
Roll,3/14/21,Infrastructure,Private Key Compromised (Unknown Method),5700000,Ethereum,FALSE,DeFi Protocol,,,,https://rekt.news/roll-rekt/,,ChainSec,,,Roll,2021-03-14
Warp Protocol,12/18/20,Ecosystem,Flashloan Price Oracle Attack,7800000,Ethereum,FALSE,DeFi Protocol,,601,Solidity,https://rekt.news/warp-finance-rekt/,,,,,,
ThalaSwap,11/15/24,Protocol Logic,Drained Liquidity Pool,25500000,Aptos,FALSE,DeFi Protocol,,2795,Move,https://cointelegraph.com/news/thala-recovers-25-million-exploiter-hacker-caught,parent#thala-labs,,,,,
Raft,11/10/23,Protocol Logic,Infinite Mint and Dump,3300000,Ethereum,FALSE,DeFi Protocol,,3068,Solidity,https://twitter.com/AnciliaInc/status/1723055359034568828,,,,,,
Kalax,10/14/24,Rugpull,Drain Vaults,350000,Blast,FALSE,DeFi Protocol,,4677,Solidity,https://x.com/0x50313335/status/1845398390491726296,,,,,,
MSCST,12/28/25,Protocol Logic,Atomic Sandwich Attack,129900,BSC,FALSE,DeFi Protocol,,,Solidity,https://x.com/hklst4r/status/2005515461773885670,,,,,,
EraLend,7/25/23,Protocol Logic,Reentrancy,3400000,zkSync Era,FALSE,DeFi Protocol,,2746,Solidity,https://twitter.com/DLNewsInfo/status/1683870083272130562,,,,,,
Banana Gun,9/19/24,Protocol Logic,Front-end vulnerability,3000000,Ethereum,FALSE,DeFi Protocol,3000000,3336,,https://x.com/BananaGunBot/status/1838660010387116484,,,,,,
Acala Network,8/13/21,Protocol Logic,Incentives Function Mistake,1600000,Acala,FALSE,DeFi Protocol,,,Solidity,https://twitter.com/alice_und_bob/status/1558959878475075584,,,,,,
Mobius Token,5/11/25,Protocol Logic,Decimal Miscalculation Exploit,2160000,BSC,FALSE,DeFi Protocol,,,Solidity,https://www.certik.com/resources/blog/mobius-token-incident-analysis,,,,,,
DODO AMM,3/9/21,Protocol Logic,Access Control Exploit,2000000,Ethereum,FALSE,DeFi Protocol,,146,Solidity,https://rekt.news/au-dodo-rekt/,parent#dodo,,,,,
BonqDAO,2/1/23,Protocol Logic,Price Oracle Attack,1700000,Polygon,FALSE,DeFi Protocol,,2477,Solidity,https://twitter.com/peckshield/status/1620917292514299904?s=20&t=ZroERzkeCrxy3gHxtboQeA,,,,,,
Beanstalk,4/17/22,Ecosystem,Flashloan Governance Attack,181000000,Ethereum,FALSE,DeFi Protocol,,631,Solidity,https://twitter.com/FrankResearcher/status/1515693895887294466?s=20,parent#beanstalk,,,,,
Pickle,11/22/20,Protocol Logic,Vault Swap Exploit,19700000,Ethereum,FALSE,DeFi Protocol,,134,Solidity,https://github.com/banteg/evil-jar/blob/master/readme.md,,,,,,
Minterest,7/15/24,Protocol Logic,Reentrancy,1400000,Mantle,FALSE,DeFi Protocol,,,Solidity,https://x.com/Minterest/status/1812540672248820033,,,,,,
dForce,2/10/23,Protocol Logic,Reentrancy,3650000,"Arbitrum,Optimism",FALSE,DeFi Protocol,,123,Solidity,https://twitter.com/peckshield/status/1623902441992523776,,,,,,
pNetwork,11/3/22,Protocol Logic,Misconfiguration,4589449,BSC,TRUE,DeFi Protocol,4589449,547,Solidity,https://twitter.com/pNetworkDeFi/status/1588956872664829952,,,,,,
Loopring,6/9/24,Protocol Logic,Guardian 2FA service exploit,5000000,Loopring,FALSE,DeFi Protocol,,126,,https://x.com/loopringorg/status/1799791898296451515,,,,,,
Seedify,9/23/25,Infrastructure,Infinite Mint and Dump,1000000,"BSC,Avalanche",TRUE,DeFi Protocol,,1511,Solidity,https://x.com/meta_alchemist/status/1970470733017968841,,,,,,
Dego Finance,2/10/22,Infrastructure,Private Key Compromised (Unknown Method),10000000,"Ethereum,BSC,Cronos",FALSE,DeFi Protocol,,,,https://rekt.news/dego-finance-rekt/,,,,,,
Bunni V2,9/2/25,Protocol Logic,Liquidity Distribution Function Exploit,8400000,"Ethereum,Unichain",FALSE,DeFi Protocol,,5734,Solidity,https://x.com/CertiKAlert/status/1962755574283768308,parent#bunni,,,,,
Blur Finance,8/10/22,Rugpull,Drained Contracts,600000,"BSC,Polygon",FALSE,DeFi Protocol,,1891,Solidity,https://cryptoslate.com/blur-finance-allegedly-rug-pulled-investors-at-a-combined-600k-loss/,,,,,,
Team Finance,10/27/22,Protocol Logic,Migrate Function Mistake Exploit,15800000,Ethereum,FALSE,DeFi Protocol,,1864,Solidity,https://twitter.com/peckshield/status/1585587858978623491?s=20&t=vAGSJQ0ivXGoOv80bGx4iQ,,,,,,
Eminence,9/28/20,Ecosystem,Flashloan Price Oracle Attack,15000000,Ethereum,FALSE,DeFi Protocol,,,Solidity,https://rekt.news/eminence-rekt-in-prod/,,,,,,
Pike,4/30/24,Protocol Logic,Storage Misalignment Exploit,1600000,"Ethereum,Optimism,Arbitrum",FALSE,DeFi Protocol,1600000,4100,Solidity,https://twitter.com/PikeFinance/status/1785572875124330644,,,,,,
MoonHacker,1/2/25,Protocol Logic,Unchecked FlashLoan Approve Exploit,300000,Optimism,FALSE,DeFi Protocol,,,Solidity,https://x.com/dedaub/status/1874838342485102852,,,,,,
Balancer V2,8/27/23,Protocol Logic,,800000,Ethereum,FALSE,DeFi Protocol,,2611,Solidity,https://twitter.com/mevrefund/status/1695792040531960116,parent#balancer,,,,,
DeltaPrime,9/16/24,Protocol Logic,Private Key Compromised (Unknown Method),5980000,Arbitrum,FALSE,DeFi Protocol,,2479,Solidity,https://x.com/CryptoTimes_io/status/1835620537055514652,,,,,,
Nexera,8/7/24,Protocol Logic,Ownership Override Attack,1800000,Ethereum,FALSE,DeFi Protocol,,,Solidity,https://www.coindesk.com/business/2024/08/07/blockchain-protocol-nexara-suffers-18m-exploit-nxra-tumbles-40/,,,,,,
Infini,2/24/25,Protocol Logic,Dev Privilege Oversight Exploit,49500000,Ethereum,FALSE,DeFi Protocol,,,,https://x.com/peckshieldalert/status/1893874770803851454,,,,,,
MM Finance Cronos,5/4/22,Infrastructure,DNS Spoofing,2000000,Cronos,FALSE,DeFi Protocol,,1028,,https://medium.com/@MMFinance/dns-hi-jacking-post-mortem-compensation-3e2b5bb21183,parent#mm-finance,,,,,
Revest Finance,3/27/22,Smart Contract Language,Reentrancy,2010000,Ethereum,FALSE,DeFi Protocol,,830,Solidity,https://twitter.com/BlockSecTeam/status/1508065573250678793?s=20&t=NXJmfrEeRP3-fqmOwjOAGQ,,,,,,
Tropykus RSK,6/14/23,Protocol Logic,Redeem Rounding Error Exploit,150000,Rootstock,FALSE,DeFi Protocol,,1464,Solidity,https://twitter.com/tropykus/status/1669310852787216385,parent#tropykus-finance,,,,,
Arena SocialFi,10/7/23,Protocol Logic,Reentrancy,2900000,Avalanche,FALSE,Other,,3564,Solidity,https://twitter.com/peckshield/status/1710555944269292009?t=Al_-cDBwoNs3vpKqcpJ0Jw&s=19,parent#the-arena,,,,,
Phemex,1/23/25,Infrastructure,Private Key Compromised (Unknown Method),85000000,"Ethereum,Solana,XRP,Bitcoin,BSC,Sui,Base,Tron,Arbitrum,Avalanche,Polygon,Optimism,zkSync Era",FALSE,CEX,,2369,,https://x.com/PeckShieldAlert/status/1882776555312869830,,,,,,
BlueBerry,2/24/24,Protocol Logic,Flashloan Price Oracle Attack,1400000,Ethereum,FALSE,DeFi Protocol,,,Solidity,https://x.com/blueberryFDN/status/1760872935982879030,,,,,,
Crema Finance,7/2/22,Protocol Logic,Access Control Exploit,8800000,Solana,FALSE,DeFi Protocol,,1412,Rust,https://twitter.com/Crema_Finance/status/1543638844410499073?s=20&t=tjkZ9crEBqMSfzI2BMG_oQ,,,,,,
AzukiDAO,7/3/23,Protocol Logic,Replay Attack,68000,Ethereum,FALSE,DeFi Protocol,,,Solidity,https://twitter.com/dedaub/status/1675983033168453632?s=20,,,,,,
Tenderize V2,4/7/25,Protocol Logic,Proxy Upgrade Skim,10850,Ethereum,FALSE,DeFi Protocol,,4085,Solidity,https://x.com/dedaub/status/1914815361616367872,parent#tenderize,,,,,
Pando Rings,11/6/22,Ecosystem,Price Oracle Attack,22000000,Mixin,FALSE,DeFi Protocol,,2204,Go,https://pando.im/news/2022/2022-11-06-alert-to-pando-community-hack-of-pando-rings/,parent#pando,,,,,
DEUS Finance,5/5/23,Protocol Logic,Burn Function Mistake,6500000,"Arbitrum,BSC,Ethereum",FALSE,DeFi Protocol,,1387,Solidity,https://twitter.com/storming0x/status/1654561199999135747?s=20,,,,,,
Mixin Network,9/23/23,Infrastructure,Database Attack,200000000,Mixin,FALSE,Other,,,,https://twitter.com/MixinKernel/status/1706139175018529139,,,,,,
Fantasm Finance,3/9/22,Protocol Logic,Missing Condition Check,2260000,Fantom,FALSE,DeFi Protocol,,,Solidity,https://quadrigainitiative.com/cryptocurrencyhackscamfraudwiki/index.php?title=Fantasm_Finance_Contract_Vulnerabilities,,,,,,
LeetSwap,8/1/23,Protocol Logic,Liquidity Pools Compromised,620000,Base,FALSE,DeFi Protocol,,2745,Solidity,https://twitter.com/TheBlock__/status/1686201265758326784,,,,,,
Astera.fi,10/9/25,Protocol Logic,Oracle Price Feed Manipulation,573000,Linea,FALSE,DeFi Protocol,,,Solidity,https://x.com/hklst4r/status/1976296543872233508,,,,,,
Hegic(old contract),3/1/25,Protocol Logic,Unlimited repeated withdrawal exploit,94000,Ethereum,FALSE,DeFi Protocol,,,Solidity,https://x.com/HegicOptions/status/1896933787923345470,,,,,,
Hyperliquid,6/15/23,Ecosystem,CEX Price Manipulation Attack,37000,Arbitrum,FALSE,DeFi Protocol,,2862,,https://twitter.com/HyperliquidX/status/1669818300191363073,,,,,,
Moby,1/8/25,Infrastructure,Private Key Compromised (Unknown Method),1470000,Arbitrum,FALSE,DeFi Protocol,,4452,Solidity,https://x.com/Moby_trade/status/1877096336140677458,,,,,,
1inch,3/7/25,Protocol Logic,Calldata underflow and resolver hijack,5000000,Ethereum,FALSE,DeFi Protocol,,189,Solidity,https://blog.1inch.io/vulnerability-discovered-in-resolver-contract/,,,,,,
Eleven Finance,6/22/21,Ecosystem,Flashloan Burn Function Exploit,4500000,BSC,FALSE,DeFi Protocol,,583,Solidity,https://rekt.news/11-rekt/,,ChainSec,,4600000.0,Eleven Finance,2021-06-22
CheeseBank,11/16/20,Ecosystem,Flashloan Price Oracle Attack,3300000,Ethereum,FALSE,DeFi Protocol,,,,https://twitter.com/CheeseBank2020/status/1328343819201380353?s=20&t=qtl30Yo9ErEoVr8v3T20dg,,,,,,
Vulcan Forged,12/13/21,Infrastructure,Private Key Compromised (Unknown Method),140000000,"Ethereum,Polygon",FALSE,DeFi Protocol,,,,https://rekt.news/vulcan-forged-rekt/,,ChainSec,,140000000.0,Vulcan Forged,2021-12-13
Slope Wallet,8/2/22,Infrastructure,Private Key Compromised (Stored Publicly),5300000,Solana,FALSE,Wallet,,,,https://solana.com/news/8-2-2022-application-wallet-incident,,,,,,
Rari Capital,5/1/22,Ecosystem,Flashloan Reentrancy Attack,80000000,"Ethereum,Arbitrum",FALSE,DeFi Protocol,,136,Solidity,https://twitter.com/Hacxyk/status/1520370421773725698?s=20&t=3ZdC2UMcxHaD73SwrcnudQ,,,,,,
ALEX,5/16/24,Infrastructure,Private Key Compromised (Phishing),4300000,Stacks,FALSE,DeFi Protocol,,1466,,https://rekt.news/alexlab-rekt/,,,,,,
Onyx V2,9/26/24,Protocol Logic,Liquidation Logic Exploit,4000000,Ethereum,FALSE,DeFi Protocol,,5180,Solidity,https://x.com/blocksecteam/status/1839314277359849484,parent#onyx,,,,,
UwU Lend,6/13/24,Ecosystem,Flashloan Price Oracle Attack,3700000,Ethereum,FALSE,DeFi Protocol,,2111,Solidity,https://x.com/TheBlock__/status/1801177660946612664,,,,,,
Spartan,5/2/21,Ecosystem,Flashloan Pool Shares Exploit,30500000,BSC,FALSE,DeFi Protocol,,1246,Solidity,https://peckshield-94632.medium.com/the-spartan-incident-root-cause-analysis-b14135d3415f,,,,,,
Huobi,11/22/23,Infrastructure,Private Key Compromised (Unknown Method),26400000,Ethereum,FALSE,CEX,,,,https://twitter.com/TheBlock__/status/1727397707843621201,,,,,,
402bridge,10/27/25,Infrastructure,Private Key Compromised (Stored Publicly),17000,Base,TRUE,DeFi Protocol,,,Solidity,https://x.com/PeckShieldAlert/status/1983029273528283503,,,,,,
Poly Network,7/2/23,Infrastructure,Private Key Compromised (Unknown Method),5000000,"Ethereum,BSC,Polygon",TRUE,DeFi Protocol,,1796,Solidity,https://twitter.com/dedaub/status/1675516729349292032?s=20,,,,,,
Mirror,10/8/21,Smart Contract Language,Duplicate Call Exploit,90000000,Terra,FALSE,DeFi Protocol,,260,Rust,https://blocksecteam.medium.com/how-the-mirror-protocol-is-exploited-33b5c1d48322,,,,,,
Merlin,5/26/21,Ecosystem,Flashloan Incentive Rewards Exploit,680000,BSC,FALSE,DeFi Protocol,,370,Solidity,https://rekt.news/merlinlabs-rekt/,,,,,,
8ightDAO,12/8/21,Infrastructure,Private Key Compromised (Unknown Method),1750000,Harmony,FALSE,DeFi Protocol,,889,,https://rekt.news/8ight-finance-rekt/,,,,,,
Rari Capital,12/18/25,Protocol Logic,Uninitialized Proxy Hijack,2000000,Ethereum,FALSE,DeFi Protocol,,136,Solidity,https://x.com/zmtO21/status/2001585158106026270,,,,,,
0vix,4/28/23,Ecosystem,Flashloan Donate Function Logic Exploit,2000000,Polygon,FALSE,DeFi Protocol,,1614,Solidity,https://twitter.com/peckshield/status/1651923235603361793?s=20,,ChainSec,,0.0,0vix,2023-04-28
SUNRAYFINANCE,10/30/24,Infrastructure,Private Key Compromised,2855000,Arbitrum,FALSE,DeFi Protocol,,,Solidity,https://x.com/CertiKAlert/status/1851816489286041885,,,,,,
Levana Perps,12/27/23,Protocol Logic,Price Oracle Attack,1100000,Osmosis,FALSE,DeFi Protocol,,3474,Rust,https://twitter.com/Levana_protocol/status/1740071199483543819,,,,,,
Impermax V3,4/26/25,Protocol Logic,Flashloan Exploit,300000,Base,FALSE,DeFi Protocol,,5981,Solidity,https://x.com/ImpermaxFinance/status/1916123070223339553,parent#impermax-finance,,,,,
Astrid Finance,10/29/23,Protocol Logic,Withdraw Function Argument Manipulation,228000,Ethereum,FALSE,DeFi Protocol,,,,https://twitter.com/Phalcon_xyz/status/1718455634155409489,,,,,,
SIR,3/30/25,Protocol Logic,Transient storage collision,355000,Ethereum,FALSE,DeFi Protocol,,5842,Solidity,https://x.com/leveragesir/status/1906265780057972854,,,,,,
Lava,3/29/24,Protocol Logic,Calculation Error in Liquidation Engine,340000,Arbitrum,FALSE,DeFi Protocol,,4241,Solidity,https://twitter.com/CertiKAlert/status/1773584949855277261,,,,,,
Inverse Finance Frontier,6/16/22,Ecosystem,Flashloan Price Oracle Attack,5800000,Ethereum,FALSE,DeFi Protocol,,338,Solidity,https://twitter.com/peckshield/status/1537382891230883841?s=20&t=uxBt2fIcD_f82MM2VD3pCg,parent#inverse-finance,,,,,
Balancer V2,9/19/23,Protocol Logic,Frontend Attack,238000,Ethereum,FALSE,DeFi Protocol,,2611,,https://twitter.com/PeckShieldAlert/status/1704306602529247294,parent#balancer,,,,,
SushiSwap,4/10/23,Protocol Logic,Missing Input Validation,3300000,"Ethereum,Arbitrum,Optimism,BSC",FALSE,DeFi Protocol,3300000,,Solidity,https://x.com/ernestognw/status/1645113041430757378,,,,,,
Gamma,12/21/21,Protocol Logic,Access Control Exploit,8200000,Ethereum,FALSE,DeFi Protocol,,355,Solidity,https://medium.com/visorfinance/post-mortem-for-vvisr-staking-contract-exploit-and-upcoming-migration-7920e1dee55a,,,,,,
Bunny,5/19/21,Ecosystem,Flashloan Price Oracle Attack,45000000,BSC,FALSE,DeFi Protocol,,254,Solidity,https://peckshield.medium.com/pancakebunny-incident-root-cause-analysis-7099f413cc9b,,,,,,
RiskOnBlast,2/25/24,Rugpull,,1300000,Blast,FALSE,DeFi Protocol,,,,https://www.certik.com/resources/blog/risk-on-blast-incident-analysis,,,,,,
Jimbos Protocol,5/28/23,Ecosystem,Flashloan Slippage Attack,7500000,Arbitrum,FALSE,DeFi Protocol,,,Solidity,https://twitter.com/peckshield/status/1662650673731624961?s=20,,,,,,
ValueDefi,5/5/21,Protocol Logic,Access Control Exploit,10000000,BSC,FALSE,DeFi Protocol,,164,Solidity,https://rekt.news/value-rekt2/,parent#value-finance,,,,,
Bent Finance,12/21/21,Protocol Logic,User Balances Manually Updated,1750000,Ethereum,FALSE,DeFi Protocol,,,Solidity,https://rekt.news/bent-finance/,,,,,,
LND,5/9/25,Protocol Logic,,1300000,"Sonic,Hyperliquid L1",FALSE,DeFi Protocol,,6071,,https://x.com/Lnd_fi/status/1920705062143250845,,,,,,
Platypus Finance,2/16/23,Ecosystem,Flashloan Reentrancy Attack,8500000,Avalanche,FALSE,DeFi Protocol,222634,944,Solidity,https://twitter.com/CertiKAlert/status/1626318821840629763,,,,,,
RocketSwap Base,8/15/23,Infrastructure,Private Key Compromised (Brute Force),865000,Base,FALSE,DeFi Protocol,,3314,Solidity,https://twitter.com/Cointelegraph/status/1691316548932456448,,,,,,
Zoth ZeUSD,3/21/25,Infrastructure,Private Key Compromised (Unknown Method),8850000,Ethereum,FALSE,DeFi Protocol,,5615,Solidity,https://x.com/PeckShieldAlert/status/1903029531558154725,parent#zoth,,,,,
Flow,12/27/25,Protocol Logic,mint-and-dump Hack,3900000,Flow,FALSE,Layer 1,,6104,Solidity,https://x.com/flow_blockchain/status/2005021612714668518,,,,,,
Levyathan,7/30/21,Infrastructure,Private Key Compromised (Stored Publicly),1500000,BSC,FALSE,DeFi Protocol,,,Solidity,https://rekt.news/levyathan-rekt/,,ChainSec,,0.15,Levyathan,2021-07-30
Cetus CLMM,5/22/25,Protocol Logic,Spoof Token Exploit,223000000,Sui,FALSE,DeFi Protocol,,2289,Move,https://www.coindesk.com/markets/2025/05/22/sui-networks-cetus-protocol-hit-in-apparent-hack-sending-token-prices-down-90,parent#cetus,,,,,
Uranium Finance,4/28/21,Protocol Logic,Math Mistake Exploit,57200000,BSC,FALSE,DeFi Protocol,,,Solidity,https://rekt.news/uranium-rekt/,,ChainSec,,50000000.0,Uranium Finance,2021-04-28
Cypher,8/7/23,,Unknown,1035000,Solana,FALSE,DeFi Protocol,,2575,,https://twitter.com/cypher_protocol/status/1688641036476731393,,,,,,
WOO X,7/24/25,Ecosystem,Social Engineering,14000000,"Bitcoin,Ethereum,Arbitrum,BSC",FALSE,CEX,,2346,,https://x.com/BlockscopeCo/status/1948793062076940512,,,,,,
ChainSwap,11/7/21,Protocol Logic,Exploit Weak Authentication Check,4400000,"Ethereum,BSC",TRUE,DeFi Protocol,,,Solidity,https://chain-swap.medium.com/chainswap-exploit-11-july-2021-post-mortem-6e4e346e5a32,,,,,,
1inch,10/31/24,Ecosystem,Private Key Compromised (Supply Chain Attack),720000,Avalanche,FALSE,DeFi Protocol,,189,,https://x.com/1inch/status/1851832307746742686,,,,,,
Dolomite,3/20/24,Protocol Logic,Acces Control Exploit,1800000,Ethereum,FALSE,DeFi Protocol,,,Solidity,https://www.cryptotimes.io/2024/03/21/hacker-exploits-flaw-in-dolomite-project/,,,,,,
CoinStats,7/12/24,Infrastructure,Private Key Compromised (Unknown Method),2200000,,FALSE,Other,,,,https://x.com/CoinStats/status/1811706273395622063,,,,,,
DogWifTools,1/28/25,Infrastructure,Private Key Compromised (Malware),10000000,Solana,FALSE,Other,,,Move,https://x.com/kookcapitalllc/status/1884285558635323437,,,,,,
Harmony Bridge,6/23/22,Infrastructure,Private Key Compromised (Unknown Method),100000000,"Ethereum,BSC",TRUE,DeFi Protocol,,,Solidity,https://rekt.news/harmony-rekt/,,,,,,
BTC24H,12/16/24,Protocol Logic,Acces Control Exploit,85700,Polygon,FALSE,DeFi Protocol,,,,https://x.com/0xCommitAudits/status/1871550202508951917,,,,,,
Vee Finance,9/21/21,Ecosystem,Flashloan Price Oracle Attack,34000000,Avalanche,FALSE,DeFi Protocol,,619,Solidity,https://veefi.medium.com/vee-finance-attack-analysis-a4839724e085,,ChainSec,,35000000.0,Vee Finance,2021-09-21
Uwerx,8/2/23,Ecosystem,Flashloan Pool Shares Exploit,327000,Ethereum,FALSE,Other,,,,https://twitter.com/CertiKAlert/status/1686667720920625152,,,,,,
WazirX: India,7/18/24,Infrastructure,Safe Multisig wallet Phishing Exploit,234900000,Ethereum,FALSE,CEX,,,,https://x.com/CyversAlerts/status/1813834131165286464,,,,,,
GDAC,4/8/23,Infrastructure,Hot wallet hack,13900000,,FALSE,CEX,,,,https://twitter.com/MetaSleuth/status/1645692516401033216,,,,,,
YOLO Games,6/11/24,Protocol Logic,Access Control Exploit,1500000,Blast,FALSE,DeFi Protocol,,,Solidity,https://x.com/shoucccc/status/1800353122159833195,,,,,,
Snowdog,11/25/21,Rugpull,Drained Contracts,18100000,Avalanche,FALSE,DeFi Protocol,,859,Solidity,https://rekt.news/snowdog-rekt/,,,,,,
Swaprum,5/19/23,Rugpull,Drained Contracts,3000000,Arbitrum,FALSE,DeFi Protocol,,2903,,https://www.dlnews.com/articles/defi/defi-protocol-swaprum-in-3m-rug-pull-was-certik-audited/?utm_campaign=,,,,,,
Hacken Token,6/20/25,Infrastructure,Private Key Compromised,250000,,FALSE,Other,,,Solidity,https://x.com/peckshieldalert/status/1936198957119774979,,,,,,
Gym Network,6/8/22,Protocol Logic,Deposit Function Exploit,2100000,BSC,FALSE,DeFi Protocol,,,Solidity,https://rekt.news/gymnet-rekt/,,,,,,
UwU Lend,6/10/24,Ecosystem,Flashloan Price Oracle Attack,20000000,Ethereum,FALSE,DeFi Protocol,,2111,Solidity,https://x.com/theblockupdates/status/1800146327914877062,,,,,,
Platypus Finance,10/13/23,Protocol Logic,Reentrancy,2200000,Avalanche,FALSE,DeFi Protocol,,,Solidity,https://rekt.news/platypus-rekt2/,,,,,,
Maestro,10/23/23,Protocol Logic,Arbitrary External Call,465000,Ethereum,FALSE,DeFi Protocol,465000,,,https://x.com/MaestroBots/status/1717113987479785558,,,,,,
US Permissionless Dollar,12/4/25,Protocol Logic,"""CPIMP"" proxy front-run",1000000,Ethereum,FALSE,DeFi Protocol,,,Solidity,https://x.com/USPD_io/status/1996711283446464598,,,,,,
Indodax,9/10/24,Infrastructure,Access Control Exploit,25200000,"Ethereum,Polygon,Optimism",FALSE,CEX,,,,https://news.bitcoin.com/indonesian-crypto-exchange-hit-by-20-5m-hack-lazarus-group-suspected/,,,,,,
Akropolis,11/12/20,Ecosystem,Flashloan Reentrancy Attack,2000000,Ethereum,FALSE,DeFi Protocol,,,Solidity,https://rekt.news/akropolis-rekt/,,ChainSec,,2000000.0,Akropolis,2020-11-12
Origin Protocol,11/17/20,Ecosystem,Flashloan Reentrancy Attack,8000000,Ethereum,FALSE,DeFi Protocol,,,Solidity,https://rekt.news/hack-epidemic/,,ChainSec,,7000000.0,Origin Protocol,2020-11-17
DFX V2,11/10/22,Protocol Logic,Reentrancy,4000000,Ethereum,FALSE,DeFi Protocol,,366,Solidity,https://twitter.com/peckshield/status/1590831589004816384?s=20&t=0ylCEXp_O5DBIbFTAHA9vA,parent#dfx-finance,,,,,
MERLIN DEX,4/25/23,Rugpull,Drained Contracts,1820000,zkSync Era,FALSE,DeFi Protocol,,2849,,https://twitter.com/TheMerlinDEX/status/1651281814395187200?t=p0udX-ZR1mQfkhNS9KCfEQ&s=19,,,,,,
Transit Swap,10/2/22,Protocol Logic,Transfer Logic Exploit,21000000,"Ethereum,BSC",FALSE,DeFi Protocol,,,Solidity,https://rekt.news/transit-swap-rekt/,,ChainSec,,21000000.0,Transit Swap,2022-10-02
WXETA,9/16/24,Protocol Logic,Access Control Exploit,110000,"Ethereum,BSC",FALSE,DeFi Protocol,,,Solidity,https://x.com/TenArmorAlert/status/1835494807495659645,,,,,,
Palmswap,7/24/23,Protocol Logic,Inflationary Accounting Manipulation,900000,BSC,FALSE,DeFi Protocol,,3279,Solidity,https://twitter.com/peckshield/status/1683609019334950912,,,,,,
HTX,9/25/23,Infrastructure,Private Key Compromised (Unknown Method),8000000,Ethereum,FALSE,CEX,,,,https://twitter.com/justinsuntron/status/1706311251024822748?t=saJprSiK51MMd2GUBTnDsQ&s=19,,,,,,
Radiant V2,1/2/24,Protocol Logic,Flashloan New Market Exploit,4500000,Arbitrum,FALSE,DeFi Protocol,,2706,Solidity,https://twitter.com/peckshield/status/1742334242120466580,parent#radiant,,,,,
Tectonic,11/18/24,Protocol Logic,Price Oracle Attack,,Cronos,FALSE,DeFi Protocol,,1115,,https://x.com/5outh53a/status/1858374778299748383,,,,,,
Arcadia V1,7/10/23,Ecosystem,Flashloan Reentrancy Attack,460000,"Ethereum,Optimism",FALSE,DeFi Protocol,,3210,,https://arcadiafinance.medium.com/post-mortem-72e9d24a79b0,parent#arcadia-finance,,,,,
ALEX,6/6/25,Protocol Logic,malicious transfer() method,8373000,Stacks,FALSE,DeFi Protocol,,1466,Clarity,https://x.com/ALEXLabBTC/status/1931014419133169734,,,,,,
GMX V1 Perps,7/9/25,Protocol Logic,Re-entrancy Exploit,42000000,Arbitrum,FALSE,DeFi Protocol,40000000,337,Solidity,https://x.com/peckshield/status/1942947860645134450,parent#gmx,,,,,
Ratio Finance,12/3/22,Infrastructure,Private Key Compromised (Unknown Method),,Solana,FALSE,DeFi Protocol,,1841,Rust,https://twitter.com/RatioFinance/status/1621481456777428992,,,,,,
GemPad,12/17/24,Protocol Logic,Reentrancy,2000000,"Ethereum,Base,BSC",FALSE,DeFi Protocol,,,,https://x.com/CyversAlerts/status/1869000606955782305,,,,,,
Compounder Finance,12/2/20,Rugpull,Drained Contracts,12000000,Ethereum,FALSE,DeFi Protocol,,,Solidity,https://rekt.news/deathbed-confessions-c3pr/,,,,,,
Yearn Finance,4/13/23,Ecosystem,Flashloan Misconfiguration Exploit,11539000,Ethereum,FALSE,DeFi Protocol,,113,Solidity,https://twitter.com/osec_io/status/1646411672175939585?s=20,parent#yearn,,,,,
LCX,1/8/22,Infrastructure,Private Key Compromised (Unknown Method),7940000,Ethereum,FALSE,DeFi Protocol,,,,https://www.lcx.com/hot-wallet-incident-report/,,,,,,
Silo Finance,6/25/25,Protocol Logic,fillQuote silo.borrow() Exploit,546000,Ethereum,FALSE,DeFi Protocol,,,Solidity,https://x.com/CertiKAlert/status/1937882770216452174,,,,,,
Curve DEX,8/9/22,Infrastructure,DNS Spoofing,575000,Ethereum,FALSE,DeFi Protocol,575000,3,,https://rekt.news/curve-finance-rekt/,parent#curve-finance,,,,,
Conic Finance,7/22/23,Ecosystem,Flashloan Price Oracle Attack,300000,Ethereum,FALSE,DeFi Protocol,,2616,Solidity,https://medium.com/@ConicFinance/post-mortem-eth-and-crvusd-omnipool-exploits-c9c7fa213a3d,,,,,,
CREAM Lending,10/27/21,Ecosystem,Flashloan Price Oracle Attack,130000000,Ethereum,FALSE,DeFi Protocol,,121,Solidity,https://rekt.news/cream-rekt-2/,parent#cream-finance,,,,,
AnubisDAO,10/29/21,Rugpull,Drained Contracts,60000000,Ethereum,FALSE,DeFi Protocol,,,Solidity,https://decrypt.co/84924/anubisdao-investors-lose-60-million-in-alleged-rug-pull,,,,,,
Arcadia V2,7/15/25,Protocol Logic,Rebalancer contract reentrancy hack,2500000,Base,FALSE,DeFi Protocol,,4455,Solidity,https://x.com/ArcadiaFi/status/1944984622183370867,parent#arcadia-finance,,,,,
Sovryn,10/4/22,Protocol Logic,Flashloan Reentrancy Attack,1100000,RSK,FALSE,DeFi Protocol,,,Solidity,https://www.halborn.com/blog/post/explained-the-sovryn-hack-october-2022,,,,,,
Wintermute,9/20/22,Infrastructure,Private Key Compromised (Brute Force),160000000,Ethereum,FALSE,Other,,,,https://slowmist.medium.com/the-real-cause-of-the-wintermute-exploit-10da7e404b3b,,,,,,
Zircon Gamma,3/18/23,Ecosystem,Flashloan Pool Shares Exploit,350000,"BSC,Moonriver",FALSE,DeFi Protocol,,2143,,https://twitter.com/Zircon_Finance/status/1637093661321183233,,,,,,
Keep3r Network,6/12/23,Infrastructure,Private Key Compromised (Vanity Address),200000,Ethereum,FALSE,DeFi Protocol,,636,Solidity,https://twitter.com/MetaSleuth/status/1668179353749041159,,,,,,
Resupply,6/25/25,Protocol Logic,Price Oracle Manipulation,9600000,Ethereum,FALSE,DeFi Protocol,,5963,Solidity,https://x.com/peckshield/status/1938061948647817647,,,,,,
Ooki,2/18/20,Protocol Logic,Flashloan Price Oracle Attack,650000,Ethereum,FALSE,DeFi Protocol,,197,,https://twitter.com/bneiluj/status/1228757175595438080?s=20&t=rHc453VaZzUqbci29H6YDA,,,,,,
Concentric,1/22/24,Infrastructure,Private Key Compromised (Social Engineering),1720000,Arbitrum,FALSE,DeFi Protocol,,,Solidity,https://twitter.com/ConcentricFi/status/1749418658818830622,,,,,,
ArbiSwap,3/2/23,Rugpull,Infinite Mint and Dump,100000,Arbitrum,FALSE,DeFi Protocol,,2587,,https://twitter.com/CoinDesk/status/1631251260484509698,,,,,,
Yield Protocol,4/30/24,Protocol Logic,Balance Disparity Exploit,181000,Arbitrum,FALSE,DeFi Protocol,,876,Solidity,https://twitter.com/peckshield/status/1785121607192817692,,,,,,
Audius,7/25/22,Protocol Logic,Malicious Governance Proposal,6000000,Ethereum,FALSE,DeFi Protocol,,,Solidity,https://rekt.news/audius-rekt/,,,,,,
LaunchZone,2/27/23,Protocol Logic,Access Control Exploit,700000,BSC,FALSE,DeFi Protocol,,,Solidity,https://twitter.com/immunefi/status/1630210901360951296?s=20,,ChainSec,,700000.0,LaunchZone,2023-02-27
Ara Finance,6/19/23,Protocol Logic,Access Control Exploit,131000,BSC,FALSE,DeFi Protocol,,1099,,https://twitter.com/Phalcon_xyz/status/1670700964272295936,,,,,,
Trust Wallet,12/25/25,Infrastructure,Private Key Compromised (Supply Chain Attack),7000000,"Ethereum,Bitcoin,Solana",FALSE,Wallet,,5577,,https://x.com/zachxbt/status/2004298839625195720,,,,,,
TempleDAO,10/11/22,Protocol Logic,Exploit Lack of Input Authentication,2300000,Ethereum,FALSE,DeFi Protocol,,875,Solidity,https://twitter.com/FrankResearcher/status/1579840347647414272?s=20&t=Ld2QjyQea4YYyVt3BKyJsA,parent#temple-dao,ChainSec,,1830.0,TempleDAO,2022-10-11
