slug,name,symbol,category,tvl,chains,has_audit_strict,has_contest,has_security_review_broad,num_audits_strict,num_contests,audit_event_count_strict,contest_event_count,security_review_event_count_total,last_audit_date_strict,last_contest_date,last_security_review_date,audit_recency_years_strict,audit_firm_count,any_top_firm,audit_firm_tier,audit_score,strict_sources_seen,contest_sources_seen,all_sources_seen,audit_firms_strict
3xcalibur,3xcalibur,XCAL,Dexs,3156.807903920414,Arbitrum,0,1,1,0,4,0,4,4,,2022-10-11 12:40:34+00:00,2022-10-11 12:40:34+00:00,,0,0,unknown,,[],[code4rena],[code4rena],[]
88mph,88mph,MPH,Lending,442442.0809238396,Ethereum;Fantom;Avalanche;Polygon,0,1,1,0,8,0,8,8,,2021-05-12 20:57:29+00:00,2021-05-12 20:57:29+00:00,,0,0,unknown,,[],[code4rena],[code4rena],[]
aave-arc,Aave Arc,AAVE,Lending,57253.38956171104,Ethereum,1,0,1,2,0,2,0,2,,,,,2,0,other,92.0,[full],[],[full],"[certik,defisafety]"
aave-v3,Aave V3,AAVE,Lending,34189753691.24607,Ethereum;Plasma;Arbitrum;Base;Avalanche;Binance;Polygon;Linea;Optimism;xDai;Sonic;Celo;Scroll;zkSync Era;Soneium;Metis;Fantom;Harmony,0,1,1,0,8,0,8,8,,2025-02-28 20:58:51+00:00,2025-02-28 20:58:51+00:00,,0,0,unknown,,[],[sherlock],[sherlock],[]
acala,Acala,ACA,Canonical Bridge,0.0,,0,1,1,0,8,0,8,8,,2024-01-12 14:49:37+00:00,2024-01-12 14:49:37+00:00,,0,0,unknown,,[],[code4rena],[code4rena],[]
aegis,Aegis,-,Basis Trading,42711703.58674771,Ethereum;Binance,0,1,1,0,8,0,8,8,,2025-06-20 10:58:22+00:00,2025-06-20 10:58:22+00:00,,0,0,unknown,,[],[sherlock],[sherlock],[]
ajna-v1,Ajna V1,AJNA,Lending,597926.3142073108,Ethereum,0,1,1,0,7,0,7,7,,,,,0,0,unknown,,[],"[code4rena,sherlock]","[code4rena,sherlock]",[]
ajna-v2,Ajna V2,AJNA,Lending,782284.276724617,Ethereum;Hemi;Base;Arbitrum;Rari;Optimism;Polygon;Avalanche;Filecoin;Binance;Blast;Mode;Linea,0,1,1,0,25,0,25,25,,2023-12-13 16:21:37+00:00,2023-12-13 16:21:37+00:00,,0,0,unknown,,[],"[code4rena,sherlock]","[code4rena,sherlock]",[]
alchemix,Alchemix,ALCX,Synthetics,42956021.73379398,Ethereum;Optimism;Arbitrum;Fantom,0,1,1,0,16,0,16,16,,2024-06-05 15:09:25+00:00,2024-06-05 15:09:25+00:00,,0,0,unknown,,[],"[code4rena,sherlock]","[code4rena,sherlock]",[]
allbridge-core,Allbridge Core,-,Bridge,23607809.01799642,Ethereum;Tron;Binance;Solana;Arbitrum;Base;Stellar;Polygon;Avalanche;Sui;Celo;Optimism;Unichain;Sonic,0,1,1,0,8,0,8,8,,2025-08-26 11:03:41+00:00,2025-08-26 11:03:41+00:00,,0,0,unknown,,[],[sherlock],[sherlock],[]
allora-network,Allora Network,ALLO,Decentralized AI,0.0,Allora,0,1,1,0,8,0,8,8,,2024-12-03 19:56:31+00:00,2024-12-03 19:56:31+00:00,,0,0,unknown,,[],[sherlock],[sherlock],[]
aloe,Aloe,-,Lending,114363.84729122948,Arbitrum;Base;Optimism;Linea;Ethereum,0,1,1,0,8,0,8,8,,2023-11-25 17:00:56+00:00,2023-11-25 17:00:56+00:00,,0,0,unknown,,[],[sherlock],[sherlock],[]
alpha-arcade,Alpha Arcade,ALPHA,Prediction Market,218095.7443094245,Algorand,0,1,1,0,8,0,8,8,,2023-07-12 11:31:16+00:00,2023-07-12 11:31:16+00:00,,0,0,unknown,,[],[code4rena],[code4rena],[]
ambire-wallet,Ambire Wallet,WALLET,Wallets,0.0,Ethereum,0,1,1,0,16,0,16,16,,2023-05-19 14:10:06+00:00,2023-05-19 14:10:06+00:00,,0,0,unknown,,[],[code4rena],[code4rena],[]
amphor,Amphor,-,Yield,111209.12770484478,Ethereum,0,1,1,0,8,0,8,8,,2024-04-30 16:30:11+00:00,2024-04-30 16:30:11+00:00,,0,0,unknown,,[],[sherlock],[sherlock],[]
amphora,Amphora,AMPH,Lending,9496.192708547662,Ethereum,0,1,1,0,8,0,8,8,,2023-07-14 14:25:40+00:00,2023-07-14 14:25:40+00:00,,0,0,unknown,,[],[code4rena],[code4rena],[]
amun,Amun,AMUN,Indexes,379345.2414981505,Solana;Ethereum;Polygon,0,1,1,0,8,0,8,8,,2021-12-07 17:18:18+00:00,2021-12-07 17:18:18+00:00,,0,0,unknown,,[],[code4rena],[code4rena],[]
anchor,Anchor,ANC,Lending,0.0,Terra;Avalanche,0,1,1,0,8,0,8,8,,2022-01-27 15:47:43+00:00,2022-01-27 15:47:43+00:00,,0,0,unknown,,[],[code4rena],[code4rena],[]
angle,Angle,ANGLE,CDP,14900666.343541889,Ethereum;Arbitrum;Polygon;Optimism;Avalanche;Binance;Celo;xDai,0,1,1,0,16,0,16,16,,2023-07-13 18:31:10+00:00,2023-07-13 18:31:10+00:00,,0,0,unknown,,[],[code4rena],[code4rena],[]
aragon,Aragon,ANT,Services,0.0,,0,1,1,0,8,0,8,8,,2023-02-21 11:36:56+00:00,2023-02-21 11:36:56+00:00,,0,0,unknown,,[],[code4rena],[code4rena],[]
arbitrum,Arbitrum,ARB,Canonical Bridge,0.0,,0,1,1,0,20,0,20,20,,2024-05-02 19:47:44+00:00,2024-05-02 19:47:44+00:00,,0,0,unknown,,[],[code4rena],[code4rena],[]
arcadia-v2,Arcadia V2,AAA,Liquidity manager,7889773.96505394,Base,0,1,1,0,8,0,8,8,,2024-03-13 20:45:49+00:00,2024-03-13 20:45:49+00:00,,0,0,unknown,,[],[sherlock],[sherlock],[]
arrakis-v2,Arrakis V2,-,Liquidity manager,305123.13478068914,Ethereum;Polygon;Optimism;Arbitrum,0,1,1,0,16,0,16,16,,2024-06-26 14:33:34+00:00,2024-06-26 14:33:34+00:00,,0,0,unknown,,[],[sherlock],[sherlock],[]
astaria-v2,Astaria V2,-,Lending,51066.05518043306,Base;Ethereum,0,1,1,0,16,0,16,16,,2023-01-11 22:06:57+00:00,2023-01-11 22:06:57+00:00,,0,0,unknown,,[],"[code4rena,sherlock]","[code4rena,sherlock]",[]
astrovault,Astrovault,AXV,Dexs,317385.74582208466,Archway;Nibiru;Neutron,0,1,1,0,8,0,8,8,,2025-03-16 15:37:08+00:00,2025-03-16 15:37:08+00:00,,0,0,unknown,,[],[sherlock],[sherlock],[]
aura,Aura,AURA,Yield,131804658.3239825,Ethereum;Base;Arbitrum;xDai;Optimism;Polygon;Fraxtal;Polygon zkEVM;Avalanche,0,1,1,0,8,0,8,8,,2022-05-09 17:57:11+00:00,2022-05-09 17:57:11+00:00,,0,0,unknown,,[],[code4rena],[code4rena],[]
aurus,Aurus,AX,RWA,0.0,Ethereum,0,1,1,0,8,0,8,8,,2023-05-02 00:27:01+00:00,2023-05-02 00:27:01+00:00,,0,0,unknown,,[],[sherlock],[sherlock],[]
axelar,Axelar,AXL,Bridge,171863361.57793692,Ethereum;Binance;Ripple;Optimism;Arbitrum;Polygon;Fantom;Regen;Kujira;Osmosis;Cosmos;Base;Linea;Avalanche;Persistence;Celestia;Stride;Chihuahua;Secret;Stargaze;Umee;Agoric;Sei;Terra2;Neutron;Juno;Mantle;Carbon;Evmos;Blast;Migaloo;Archway;Dymension;Injective;XPLA;Aurora;Immutable zkEVM;Fraxtal;Moonbeam;Kava;Scroll;Celo;XRPL EVM;Filecoin,0,1,1,0,36,0,36,36,,2024-08-05 19:00:25+00:00,2024-08-05 19:00:25+00:00,,0,0,unknown,,[],[code4rena],[code4rena],[]
axion,Axion,AXN,Yield,515742.88742240815,Polygon,0,1,1,0,8,0,8,8,,2025-01-02 09:28:46+00:00,2025-01-02 09:28:46+00:00,,0,0,unknown,,[],[sherlock],[sherlock],[]
babylon-finance,Babylon Finance,BABL,Indexes,149083.23367951636,Ethereum,0,1,1,0,4,0,4,4,,2025-04-11 17:30:53+00:00,2025-04-11 17:30:53+00:00,,0,0,unknown,,[],[sherlock],[sherlock],[]
backed,Backed,-,NFT Lending,0.0,Ethereum,0,1,1,0,32,0,32,32,,2022-12-09 13:03:49+00:00,2022-12-09 13:03:49+00:00,,0,0,unknown,,[],[code4rena],[code4rena],[]
badger-dao,Badger DAO,BADGER,Yield Aggregator,26447968.40408018,Ethereum;Arbitrum;Polygon;Binance;Fantom,0,1,1,0,32,0,32,32,,2024-06-20 16:16:51+00:00,2024-06-20 16:16:51+00:00,,0,0,unknown,,[],[code4rena],[code4rena],[]
bakerfi,BakerFi,-,Liquid Staking,118088.70117363648,Base;Ethereum;Arbitrum,0,1,1,0,16,0,16,16,,2025-01-23 19:41:27+00:00,2025-01-23 19:41:27+00:00,,0,0,unknown,,[],[code4rena],[code4rena],[]
balancer-v3,Balancer V3,BAL,Dexs,95959000.75077204,Ethereum;Base;Arbitrum;Plasma;xDai;Optimism;Hyperliquid L1;Avalanche,1,0,1,2,0,2,0,2,,,,,2,0,other,87.0,[full],[],[full],"[certik,defisafety]"
barnbridge,BarnBridge,BOND,Yield Aggregator,91268.826660372,Optimism;Ethereum;Arbitrum,0,1,1,0,6,0,6,6,,,,,0,0,unknown,,[],[sherlock],[sherlock],[]
base-protocol,Base Protocol,BASE,Indexes,0.0,Ethereum,0,1,1,0,1,0,1,1,,,,,0,0,unknown,,[],[code4rena],[code4rena],[]
based-next-generation,Based Next Generation,-,Yield,0.0,Fantom,0,1,1,0,4,0,4,4,,2025-01-17 23:33:16+00:00,2025-01-17 23:33:16+00:00,,0,0,unknown,,[],[code4rena],[code4rena],[]
baseyield,BaseYield,BAY,Yield Aggregator,126.28285928579452,Base,0,1,1,0,35,0,35,35,,2023-05-12 17:04:54+00:00,2023-05-12 17:04:54+00:00,,0,0,unknown,,[],[code4rena],[code4rena],[]
basin-dao,Basin DAO,BASIN,CDP,356.58182551844004,Base,0,1,1,0,3,0,3,3,,,,,0,0,unknown,,[],[code4rena],[code4rena],[]
basin-exchange,Basin Exchange,-,Dexs,9616287.547218047,Arbitrum;Ethereum,0,1,1,0,21,0,21,21,,2024-08-21 23:36:11+00:00,2024-08-21 23:36:11+00:00,,0,0,unknown,,[],[code4rena],[code4rena],[]
beam,Beam,BEAM,Chain,,,0,1,1,0,8,0,8,8,,2023-07-31 11:35:50+00:00,2023-07-31 11:35:50+00:00,,0,0,unknown,,[],[sherlock],[sherlock],[]
beefy,Beefy,BIFI,Yield Aggregator,211690634.5526877,Ethereum;Arbitrum;Base;Avalanche;Fraxtal;Binance;Optimism;Polygon;Fantom;Cronos;Plasma;Linea;Sonic;Metis;Monad;xDai;Berachain;Lisk;RSK;Canto;Moonbeam;Mantle;zkSync Era;Fuse;Moonriver;Aurora;Celo;Kava;Mode;Oasis;Scroll;Harmony;Sei;Hyperliquid L1;Heco;re.al;Manta;Polygon zkEVM;Saga,0,1,1,0,8,0,8,8,,2024-07-02 22:24:13+00:00,2024-07-02 22:24:13+00:00,,0,0,unknown,,[],[sherlock],[sherlock],[]
behodler,Behodler,EYE,Dexs,2508.4687285904192,Ethereum,0,1,1,0,8,0,8,8,,2022-01-14 19:58:13+00:00,2022-01-14 19:58:13+00:00,,0,0,unknown,,[],[code4rena],[code4rena],[]
benddao-ape-staking,BendDAO APE Staking,BEND,Yield,1427198.02392144,ApeChain;Ethereum,0,1,1,0,8,0,8,8,,2024-07-17 16:48:03+00:00,2024-07-17 16:48:03+00:00,,0,0,unknown,,[],[code4rena],[code4rena],[]
biconomy.com,Biconomy.com,-,CEX,40357853.78797542,Ethereum;Polygon;Tron;Bitcoin,0,1,1,0,16,0,16,16,,2022-12-13 14:33:31+00:00,2022-12-13 14:33:31+00:00,,0,0,unknown,,[],[code4rena],[code4rena],[]
bido-finance,Bido Finance,-,Liquid Staking,71525.67281963641,BEVM,0,1,1,0,4,0,4,4,,2025-07-07 18:10:22+00:00,2025-07-07 18:10:22+00:00,,0,0,unknown,,[],[code4rena],[code4rena],[]
binance-staked-sol,Binance Staked SOL,-,Liquid Staking,1390257684.201115,Solana,1,0,1,1,0,1,0,1,,,,,1,0,other,,[certik],[],[certik],[certik]
bingx,BingX,-,CEX,691818999.2473148,Tron;Bitcoin;Binance;Ethereum;Solana;Ripple;TON;Arbitrum,1,0,1,1,0,1,0,1,,,,,1,0,other,,[certik],[],[certik],[certik]
bitget,Bitget,-,CEX,7119296992.985375,Bitcoin;Ethereum;Binance;Tron;Solana;Ripple;Polygon;Cardano;Arbitrum;TON;Avalanche;Base;Cronos;Optimism;Sui;Sonic;Starknet;Klaytn;Metis;zkSync Era;Fantom;Kava;Hyperliquid L1,1,0,1,1,0,1,0,1,,,,,1,0,other,,[certik],[],[certik],[certik]
bitkub,Bitkub,KUB,CEX,1617331308.5884738,Bitcoin;Ethereum;Ripple;Binance;Solana;Cardano;Doge;Arbitrum;Optimism;Avalanche;Tron;Polygon;Base;Algorand;Scroll;Aptos;zkSync Era;Mantle;Litecoin;CORE;TON;Fantom,1,0,1,1,0,1,0,1,,,,,1,0,other,,[certik],[],[certik],[certik]
bitlend,Bitlend,BLEND,Lending,447.5143686178824,Bittorrent,0,1,1,0,1,0,1,1,,,,,0,0,unknown,,[],[code4rena],[code4rena],[]
bitparty,Bitparty,-,Farm,32172.489797863727,Bitlayer,0,1,1,0,28,0,28,28,,2023-10-24 09:10:47+00:00,2023-10-24 09:10:47+00:00,,0,0,unknown,,[],[code4rena],[code4rena],[]
bits,Bits,BITS,Yield,55.877842555353155,Base;CORE;Ethereum,0,1,1,0,8,0,8,8,,2021-04-28 21:00:56+00:00,2021-04-28 21:00:56+00:00,,0,0,unknown,,[],[code4rena],[code4rena],[]
blackhole-amm,Blackhole AMM,BLACK,Dexs,18001736.778440967,Avalanche,0,1,1,0,4,0,4,4,,2025-05-12 15:55:15+00:00,2025-05-12 15:55:15+00:00,,0,0,unknown,,[],[code4rena],[code4rena],[]
blackrock-buidl,BlackRock BUIDL,BUIDL,RWA,2005180037.0604491,Aptos;Binance;Ethereum;Solana;Avalanche;Arbitrum;Optimism;Polygon,1,0,1,1,0,1,0,1,,,,,1,0,other,,[certik],[],[certik],[certik]
blend-backstop-v2,Blend Backstop V2,-,Insurance,0.0,Stellar,0,1,1,0,3,0,3,3,,2025-02-06 18:07:05+00:00,2025-02-06 18:07:05+00:00,,0,0,unknown,,[],[code4rena],[code4rena],[]
blueberry,Blueberry,BLB,Yield,257207.40808417456,Hyperliquid L1;Ethereum,0,1,1,0,32,0,32,32,,2023-09-09 12:07:44+00:00,2023-09-09 12:07:44+00:00,,0,0,unknown,,[],[sherlock],[sherlock],[]
blur-bids,Blur Bids,BLUR,NFT Marketplace,28704576.6207498,Ethereum;Blast,0,1,1,0,7,0,7,7,,2022-09-29 01:20:58+00:00,2022-09-29 01:20:58+00:00,,0,0,unknown,,[],[code4rena],[code4rena],[]
blur-lending,Blur Lending,BLUR,NFT Lending,2151818.7571290517,Ethereum,0,1,1,0,1,0,1,1,,,,,0,0,unknown,,[],[code4rena],[code4rena],[]
bondlink-finance,Bondlink Finance,-,RWA,151991.52420435377,Ethereum,0,1,1,0,18,0,18,18,,2023-08-08 19:59:35+00:00,2023-08-08 19:59:35+00:00,,0,0,unknown,,[],[sherlock],[sherlock],[]
boofinance,BooFinance,BOOFI,Yield,20354.324033829136,Avalanche,0,1,1,0,8,0,8,8,,2021-11-03 19:27:52+00:00,2021-11-03 19:27:52+00:00,,0,0,unknown,,[],[code4rena],[code4rena],[]
bow,Bow,-,Yield,31942.717614357894,Kujira,0,1,1,0,4,0,4,4,,2024-11-26 02:40:26+00:00,2024-11-26 02:40:26+00:00,,0,0,unknown,,[],[code4rena],[code4rena],[]
brahma-vaults-(sunset),Brahma Vaults (Sunset),-,Yield,22983.26820832961,Ethereum;Polygon,0,1,1,0,8,0,8,8,,2023-10-06 20:55:19+00:00,2023-10-06 20:55:19+00:00,,0,0,unknown,,[],[code4rena],[code4rena],[]
bright-union,Bright Union,BRIGHT,Insurance,0.0,Ethereum,0,1,1,0,13,0,13,13,,2023-03-20 10:27:26+00:00,2023-03-20 10:27:26+00:00,,0,0,unknown,,[],"[code4rena,sherlock]","[code4rena,sherlock]",[]
buffer-finance,Buffer Finance,BFR,Options,81096.66287442468,Arbitrum;Polygon,0,1,1,0,8,0,8,8,,2022-12-08 13:22:00+00:00,2022-12-08 13:22:00+00:00,,0,0,unknown,,[],[sherlock],[sherlock],[]
burve,Burve,-,Dexs,32105.208783236205,Berachain,0,1,1,0,8,0,8,8,,2025-06-17 17:35:10+00:00,2025-06-17 17:35:10+00:00,,0,0,unknown,,[],[sherlock],[sherlock],[]
cabal,Cabal,-,Governance Incentives,826529.8806861008,Initia,0,1,1,0,4,0,4,4,,2025-04-22 09:36:29+00:00,2025-04-22 09:36:29+00:00,,0,0,unknown,,[],[code4rena],[code4rena],[]
canto,Canto,CANTO,Canonical Bridge,0.0,,0,1,1,0,100,0,100,100,,2024-05-28 19:27:19+00:00,2024-05-28 19:27:19+00:00,,0,0,unknown,,[],[code4rena],[code4rena],[]
cap,cap,-,Lending,372589908.6383074,Ethereum,0,1,1,0,8,0,8,8,,2025-09-02 11:45:19+00:00,2025-09-02 11:45:19+00:00,,0,0,unknown,,[],[sherlock],[sherlock],[]
caviarnine-lsu-pool,CaviarNine LSU Pool,FLOOP,Dexs,567427.5864000414,Radix,0,1,1,0,16,0,16,16,,2023-04-05 13:11:33+00:00,2023-04-05 13:11:33+00:00,,0,0,unknown,,[],[code4rena],[code4rena],[]
centrifuge-protocol,Centrifuge Protocol,CFG,RWA,1345793413.472366,Ethereum;Avalanche;Plume Mainnet;Base;Arbitrum;Binance,0,1,1,0,8,0,8,8,,2023-09-05 12:59:40+00:00,2023-09-05 12:59:40+00:00,,0,0,unknown,,[],[code4rena],[code4rena],[]
chainlink-requests,Chainlink Requests,LINK,Oracle,0.0,,0,1,1,0,24,0,24,24,,2025-05-15 09:41:31+00:00,2025-05-15 09:41:31+00:00,,0,0,unknown,,[],[code4rena],[code4rena],[]
chakra,Chakra,-,Restaked BTC,4602304.913999696,Bitcoin,0,1,1,0,12,0,12,12,,2024-08-27 12:21:48+00:00,2024-08-27 12:21:48+00:00,,0,0,unknown,,[],[code4rena],[code4rena],[]
circle-usyc,Circle USYC,-,RWA,1523327550.0500867,Binance;Ethereum;Near;Noble,1,0,1,1,0,1,0,1,,,,,1,0,other,,[certik],[],[certik],[certik]
coinbase-wrapped-staked-eth,Coinbase Wrapped Staked ETH,-,Liquid Staking,400953729.4173348,Ethereum,0,1,1,0,8,0,8,8,,2024-03-07 17:05:41+00:00,2024-03-07 17:05:41+00:00,,0,0,unknown,,[],[code4rena],[code4rena],[]
compound-v3,Compound V3,COMP,Lending,1675101031.5527737,Ethereum;Arbitrum;Base;Optimism;Polygon;Mantle;Unichain;Ronin;Scroll,1,0,1,2,0,2,0,2,,,,,2,0,other,91.0,[full],[],[full],"[certik,defisafety]"
concrete,Concrete,-,Onchain Capital Allocator,1009579016.78881,Ethereum;Berachain;Stable;Arbitrum;Katana,0,1,1,0,4,0,4,4,,2024-11-13 20:23:42+00:00,2024-11-13 20:23:42+00:00,,0,0,unknown,,[],[code4rena],[code4rena],[]
connext,Connext,NEXT,Bridge,326967510.49162275,Ethereum;Arbitrum;Linea;Binance;Optimism;Polygon;xDai;Metis;Base;Mode;Milkomeda;Moonriver;Fantom;Moonbeam;Fuse;Cronos;Boba;Evmos;Harmony;Avalanche,0,1,1,0,16,0,16,16,,2022-06-06 18:16:35+00:00,2022-06-06 18:16:35+00:00,,0,0,unknown,,[],[code4rena],[code4rena],[]
convergence,Convergence,CONV,Dexs,441970.37193286774,Ethereum;Moonbeam,0,1,1,0,8,0,8,8,,2024-01-21 12:10:02+00:00,2024-01-21 12:10:02+00:00,,0,0,unknown,,[],[sherlock],[sherlock],[]
convex-finance,Convex Finance,CVX,Yield,950550676.232998,Ethereum;Fraxtal;Arbitrum;Polygon,1,0,1,1,0,1,0,1,,,,,1,0,other,,[certik],[],[certik],[certik]
credit,Credit,-,Lending,3962361.090229035,World Chain,0,1,1,0,8,0,8,8,,2023-11-21 20:16:37+00:00,2023-11-21 20:16:37+00:00,,0,0,unknown,,[],[code4rena],[code4rena],[]
curves-protocol,Curves Protocol,-,SoFi,229.78854960062205,Form Network,0,1,1,0,8,0,8,8,,2024-01-02 15:44:54+00:00,2024-01-02 15:44:54+00:00,,0,0,unknown,,[],[code4rena],[code4rena],[]
debank-cloud,DeBank Cloud,-,Developer Tools,,,0,1,1,0,8,0,8,8,,2025-08-15 18:10:17+00:00,2025-08-15 18:10:17+00:00,,0,0,unknown,,[],[sherlock],[sherlock],[]
debtdao,DebtDAO,-,Lending,0.0,Ethereum,0,1,1,0,8,0,8,8,,2022-10-14 09:35:29+00:00,2022-10-14 09:35:29+00:00,,0,0,unknown,,[],[code4rena],[code4rena],[]
decentralized-euro,Decentralized Euro,-,CDP,1453077.4148730151,Ethereum,0,1,1,0,8,0,8,8,,2024-01-13 09:57:25+00:00,2024-01-13 09:57:25+00:00,,0,0,unknown,,[],[code4rena],[code4rena],[]
delegate-marketplace,Delegate Marketplace,-,Services,1129.2610002221882,Ethereum,0,1,1,0,8,0,8,8,,2023-08-30 14:32:32+00:00,2023-08-30 14:32:32+00:00,,0,0,unknown,,[],[code4rena],[code4rena],[]
dinari,Dinari,-,RWA,45423252.94634685,Arbitrum;Ethereum;Kinto;Base;Plume Mainnet;Blast,0,1,1,0,8,0,8,8,,2023-08-03 15:11:10+00:00,2023-08-03 15:11:10+00:00,,0,0,unknown,,[],[sherlock],[sherlock],[]
ditto,Ditto,-,Liquid Staking,91193.06480035752,Aptos,0,1,1,0,16,0,16,16,,2024-06-28 21:21:11+00:00,2024-06-28 21:21:11+00:00,,0,0,unknown,,[],[code4rena],[code4rena],[]
dodo-agg,DODO Agg,DODO,DEX Aggregator,,,0,1,1,0,32,0,32,32,,2024-02-01 13:21:22+00:00,2024-02-01 13:21:22+00:00,,0,0,unknown,,[],[sherlock],[sherlock],[]
dswap,Dswap,-,Dexs,47893407.400072016,ENI,0,1,1,0,4,0,4,4,,2024-10-25 18:51:59+00:00,2024-10-25 18:51:59+00:00,,0,0,unknown,,[],[code4rena],[code4rena],[]
duality,Duality,-,Dexs,3147591.70097471,Neutron,0,1,1,0,8,0,8,8,,2022-04-01 19:44:00+00:00,2022-04-01 19:44:00+00:00,,0,0,unknown,,[],[code4rena],[code4rena],[]
dyad,DYAD,-,CDP,65511.24541812074,Ethereum,0,1,1,0,8,0,8,8,,2024-04-18 13:33:17+00:00,2024-04-18 13:33:17+00:00,,0,0,unknown,,[],[code4rena],[code4rena],[]
ecurve,eCurve,ECRV,Dexs,0.0,EOS,1,0,1,2,0,2,0,2,,,,,2,0,other,89.0,[full],[],[full],"[certik,defisafety]"
ekubo,Ekubo,EKUBO,Dexs,61056276.81774344,Starknet;Ethereum,0,1,1,0,4,0,4,4,,2025-11-16 20:02:44+00:00,2025-11-16 20:02:44+00:00,,0,0,unknown,,[],[code4rena],[code4rena],[]
elasticswap,ElasticSwap,TIC,Dexs,4107.5128564765855,Ethereum;Avalanche,0,1,1,0,8,0,8,8,,2021-12-21 15:54:37+00:00,2021-12-21 15:54:37+00:00,,0,0,unknown,,[],[code4rena],[code4rena],[]
elfi-protocol,ELFi Protocol,-,Derivatives,7948501.412113331,Arbitrum;Base,0,1,1,0,8,0,8,8,,2024-07-25 11:31:24+00:00,2024-07-25 11:31:24+00:00,,0,0,unknown,,[],[sherlock],[sherlock],[]
ens,ENS,ENS,Domains,0.0,,0,1,1,0,48,0,48,48,,2023-09-25 15:15:38+00:00,2023-09-25 15:15:38+00:00,,0,0,unknown,,[],[code4rena],[code4rena],[]
enso,Enso,ENSO,DEX Aggregator,,,0,1,1,0,12,0,12,12,,2023-09-04 11:07:25+00:00,2023-09-04 11:07:25+00:00,,0,0,unknown,,[],"[code4rena,sherlock]","[code4rena,sherlock]",[]
escher,Escher,-,Liquid Staking,4167979.5394132296,Babylon Genesis,0,1,1,0,8,0,8,8,,2022-11-30 20:14:15+00:00,2022-11-30 20:14:15+00:00,,0,0,unknown,,[],[code4rena],[code4rena],[]
escrow,ESCROW,ESCROW,Services,0.0,Ethereum,0,1,1,0,8,0,8,8,,2024-01-24 14:51:39+00:00,2024-01-24 14:51:39+00:00,,0,0,unknown,,[],[sherlock],[sherlock],[]
ethena-usde,Ethena USDe,ENA,Basis Trading,6299681727.931337,Ethereum,0,1,1,0,8,0,8,8,,2023-10-19 15:13:02+00:00,2023-10-19 15:13:02+00:00,,0,0,unknown,,[],[code4rena],[code4rena],[]
ethos-network,Ethos Network,-,SoFi,2946146.389288776,Base,0,1,1,0,16,0,16,16,,2025-01-16 17:47:57+00:00,2025-01-16 17:47:57+00:00,,0,0,unknown,,[],[sherlock],[sherlock],[]
ethos-reserve,Ethos Reserve,OATH,CDP,264622.40890371514,Optimism,0,1,1,0,32,0,32,32,,2024-07-27 17:18:19+00:00,2024-07-27 17:18:19+00:00,,0,0,unknown,,[],[code4rena],[code4rena],[]
ethosx,EthosX,-,Derivatives,0.0,Binance;Arbitrum,0,1,1,0,8,0,8,8,,2023-02-10 00:43:19+00:00,2023-02-10 00:43:19+00:00,,0,0,unknown,,[],[code4rena],[code4rena],[]
exactly,Exactly,EXA,Lending,3902864.221325039,Optimism;Ethereum,0,1,1,0,8,0,8,8,,2024-08-26 20:06:39+00:00,2024-08-26 20:06:39+00:00,,0,0,unknown,,[],[sherlock],[sherlock],[]
exponent,Exponent,-,Yield,103037119.62096044,Solana,0,1,1,0,8,0,8,8,,2025-10-21 19:06:44+00:00,2025-10-21 19:06:44+00:00,,0,0,unknown,,[],[sherlock],[sherlock],[]
fei-protocol,Fei Protocol,TRIBE,Algo-Stables,9.262121556432366,Ethereum,0,1,1,0,9,0,9,9,,2021-11-22 20:08:53+00:00,2021-11-22 20:08:53+00:00,,0,0,unknown,,[],[code4rena],[code4rena],[]
fiat-dao,FIAT DAO,FDT,Yield,119429.88748359568,Ethereum,0,1,1,0,8,0,8,8,,2022-08-09 17:31:02+00:00,2022-08-09 17:31:02+00:00,,0,0,unknown,,[],[code4rena],[code4rena],[]
fin,FIN,-,Dexs,240485.93520108025,Kujira,0,1,1,0,68,0,68,68,,2025-11-04 10:22:36+00:00,2025-11-04 10:22:36+00:00,,0,0,unknown,,[],"[code4rena,sherlock]","[code4rena,sherlock]",[]
flare,Flare,FLR,Chain,,,0,1,1,0,8,0,8,8,,2025-10-23 14:39:50+00:00,2025-10-23 14:39:50+00:00,,0,0,unknown,,[],[code4rena],[code4rena],[]
flex-perpetuals,Flex Perpetuals,FDX,Derivatives,841078.0094864856,Base,0,1,1,0,4,0,4,4,,2024-12-11 16:02:47+00:00,2024-12-11 16:02:47+00:00,,0,0,unknown,,[],[code4rena],[code4rena],[]
float,Float,FLT,Derivatives,144145.0478878411,Polygon;Avalanche,0,1,1,0,16,0,16,16,,2023-01-06 14:00:32+00:00,2023-01-06 14:00:32+00:00,,0,0,unknown,,[],"[code4rena,sherlock]","[code4rena,sherlock]",[]
forge,Forge,-,Dexs,4858.53635810115,Evmos,0,1,1,0,20,0,20,20,,2024-07-26 09:21:00+00:00,2024-07-26 09:21:00+00:00,,0,0,unknown,,[],[code4rena],[code4rena],[]
forteswap,Forteswap,-,Dexs,20418.7158432725,Canto,0,1,1,0,4,0,4,4,,2025-03-27 16:14:46+00:00,2025-03-27 16:14:46+00:00,,0,0,unknown,,[],[code4rena],[code4rena],[]
foundation,Foundation,-,NFT Marketplace,0.0,,0,1,1,0,28,0,28,28,,2024-02-20 18:16:13+00:00,2024-02-20 18:16:13+00:00,,0,0,unknown,,[],[code4rena],[code4rena],[]
fractional-art,Fractional Art,-,Indexes,98337.87742255072,Ethereum,0,1,1,0,8,0,8,8,,2022-07-05 16:43:26+00:00,2022-07-05 16:43:26+00:00,,0,0,unknown,,[],[code4rena],[code4rena],[]
frankencoin,Frankencoin,ZCHF,CDP,29188123.156168737,Avalanche;Base;Ethereum;Optimism;Arbitrum;Sonic;Polygon;xDai,0,1,1,0,8,0,8,8,,2023-04-04 15:53:59+00:00,2023-04-04 15:53:59+00:00,,0,0,unknown,,[],[code4rena],[code4rena],[]
frax,Frax,FRAX,Algo-Stables,61519122.291519135,Ethereum,0,1,1,0,16,0,16,16,,2022-09-19 19:40:56+00:00,2022-09-19 19:40:56+00:00,,0,0,unknown,,[],[code4rena],[code4rena],[]
fusefi-lending,Fusefi Lending,VOLT,Lending,0.7036140635571464,Fuse,0,1,1,0,1,0,1,1,,,,,0,0,unknown,,[],[code4rena],[code4rena],[]
garden,Garden,SEED,Cross Chain Bridge,,,0,1,1,0,4,0,4,4,,2025-09-04 14:52:31+00:00,2025-09-04 14:52:31+00:00,,0,0,unknown,,[],[code4rena],[code4rena],[]
gauntlet,Gauntlet,-,Risk Curators,1219561702.863748,Ethereum;Base;Katana;Arbitrum;Solana;Unichain;Polygon;Hyperliquid L1,1,0,1,1,0,1,0,1,,,,,1,0,other,,[certik],[],[certik],[certik]
geth,GETH,GETH,Liquid Staking,23745352.710527953,Ethereum,0,1,1,0,8,0,8,8,,2023-08-10 13:37:52+00:00,2023-08-10 13:37:52+00:00,,0,0,unknown,,[],[code4rena],[code4rena],[]
gitcoin,Gitcoin,GTC,Charity Fundraising,0.0,,0,1,1,0,32,0,32,32,,2024-03-20 21:07:27+00:00,2024-03-20 21:07:27+00:00,,0,0,unknown,,[],"[code4rena,sherlock]","[code4rena,sherlock]",[]
gmx-v1-perps,GMX V1 Perps,GMX,Derivatives,4994355.961228697,Avalanche;Arbitrum,0,1,1,0,12,0,12,12,,2023-07-20 09:44:47+00:00,2023-07-20 09:44:47+00:00,,0,0,unknown,,[],[sherlock],[sherlock],[]
gmx-v2-amm,GMX V2 AMM,GMX,Dexs,,,0,1,1,0,4,0,4,4,,,,,0,0,unknown,,[],[sherlock],[sherlock],[]
gondi-v3,Gondi V3,-,NFT Lending,1927963.0497152272,Ethereum,0,1,1,0,8,0,8,8,,2024-04-04 23:31:12+00:00,2024-04-04 23:31:12+00:00,,0,0,unknown,,[],[code4rena],[code4rena],[]
goodentry,GoodEntry,-,Derivatives,91025.24170677738,Arbitrum,0,1,1,0,16,0,16,16,,2023-08-31 16:22:18+00:00,2023-08-31 16:22:18+00:00,,0,0,unknown,,[],[code4rena],[code4rena],[]
gravity-bridge,Gravity Bridge,GRAV,Bridge,22151999.278880432,GravityBridge;Ethereum,0,1,1,0,8,0,8,8,,2021-08-19 00:29:19+00:00,2021-08-19 00:29:19+00:00,,0,0,unknown,,[],[code4rena],[code4rena],[]
gro,Gro,GRO,Yield,1782531.9861838212,Ethereum;Avalanche,0,1,1,0,8,0,8,8,,2021-06-15 18:57:31+00:00,2021-06-15 18:57:31+00:00,,0,0,unknown,,[],[code4rena],[code4rena],[]
hashkey-exchange,HashKey Exchange,-,CEX,1704698413.030409,Bitcoin;Ethereum;Solana;Tron;Doge;Avalanche;TON;Litecoin;Optimism;Aptos;Polygon;Arbitrum;Polkadot,1,0,1,1,0,1,0,1,,,,,1,0,other,,[certik],[],[certik],[certik]
hats.v1,Hats.V1,-,Bug Bounty,41068.55210480512,Ethereum,0,1,1,0,8,0,8,8,,2023-05-03 22:08:13+00:00,2023-05-03 22:08:13+00:00,,0,0,unknown,,[],[sherlock],[sherlock],[]
hubble,Hubble,HBB,CDP,2028138.0788898785,Solana,0,1,1,0,8,0,8,8,,2022-02-11 19:18:03+00:00,2022-02-11 19:18:03+00:00,,0,0,unknown,,[],[code4rena],[code4rena],[]
hubble-exchange,Hubble Exchange,-,Derivatives,80473.91659517982,Avalanche,0,1,1,0,8,0,8,8,,2023-08-14 22:43:23+00:00,2023-08-14 22:43:23+00:00,,0,0,unknown,,[],[sherlock],[sherlock],[]
illuminate,Illuminate,-,Lending,1143.2602760777452,Ethereum,0,1,1,0,24,0,24,24,,2023-01-31 13:02:20+00:00,2023-01-31 13:02:20+00:00,,0,0,unknown,,[],"[code4rena,sherlock]","[code4rena,sherlock]",[]
index-coop,Index Coop,INDEX,Indexes,26277503.83519347,Ethereum;Arbitrum;Base,0,1,1,0,4,0,4,4,,,,,0,0,unknown,,[],[sherlock],[sherlock],[]
infinit,INFINIT,IN,AI Agents,0.0,Binance;Ethereum;Arbitrum;Base;Optimism;Sonic;Hyperliquid L1;Mantle;Plasma;Berachain,0,1,1,0,1,0,1,1,,,,,0,0,unknown,,[],[code4rena],[code4rena],[]
init-capital,INIT Capital,-,Lending,10011855.706274487,Mantle;Blast,0,1,1,0,16,0,16,16,,2024-01-22 14:58:37+00:00,2024-01-22 14:58:37+00:00,,0,0,unknown,,[],[code4rena],[code4rena],[]
initia,Initia,INIT,Chain,,,0,1,1,0,16,0,16,16,,2025-03-12 20:47:30+00:00,2025-03-12 20:47:30+00:00,,0,0,unknown,,[],[code4rena],[code4rena],[]
insuredao,InsureDAO,INSURE,Insurance,123780.94910624257,Ethereum;Arbitrum;Astar;Optimism,0,1,1,0,1,0,1,1,,,,,0,0,unknown,,[],[code4rena],[code4rena],[]
inverse-finance-firm,Inverse Finance FiRM,INV,CDP,71339284.38498558,Ethereum,0,1,1,0,8,0,8,8,,2022-10-19 15:43:37+00:00,2022-10-19 15:43:37+00:00,,0,0,unknown,,[],[code4rena],[code4rena],[]
iq,IQ,IQ,Services,0.0,Ethereum,1,1,1,1,16,1,16,17,,2025-04-04 03:10:47+00:00,2025-04-04 03:10:47+00:00,,1,0,other,,[certik],"[code4rena,sherlock]","[certik,code4rena,sherlock]",[certik]
iron-bank,Iron Bank,IB,Lending,6520154.6924911775,Ethereum;Optimism;Avalanche;Fantom,0,1,1,0,8,0,8,8,,2023-07-21 19:50:07+00:00,2023-07-21 19:50:07+00:00,,0,0,unknown,,[],[sherlock],[sherlock],[]
jojo,JOJO,-,Derivatives,26540.491605341755,Base;Arbitrum;Binance;zkSync Era,0,1,1,0,16,0,16,16,,2024-02-20 19:39:45+00:00,2024-02-20 19:39:45+00:00,,0,0,unknown,,[],[sherlock],[sherlock],[]
jpegd,JPEG'd,JPGD,NFT Lending,665152.4829556771,Ethereum,0,1,1,0,8,0,8,8,,2022-03-25 00:01:29+00:00,2022-03-25 00:01:29+00:00,,0,0,unknown,,[],[code4rena],[code4rena],[]
juicebox-v3,Juicebox V3,JBX,Launchpad,322053.33950748807,Ethereum,0,1,1,0,24,0,24,24,,2023-05-04 20:43:45+00:00,2023-05-04 20:43:45+00:00,,0,0,unknown,,[],[code4rena],[code4rena],[]
jupiter-staked-sol,Jupiter Staked SOL,JUP,Liquid Staking,1238296581.659166,Solana,1,0,1,1,0,1,0,1,,,,,1,0,other,,[certik],[],[certik],[certik]
justlend,JustLend,JST,Lending,3805153754.704523,Tron,1,0,1,1,0,1,0,1,,,,,1,0,other,,[certik],[],[certik],[certik]
kairos-timeboost,Kairos Timeboost,-,MEV,,,0,1,1,0,8,0,8,8,,2023-05-02 13:07:17+00:00,2023-05-02 13:07:17+00:00,,0,0,unknown,,[],[sherlock],[sherlock],[]
kelp,Kelp,-,Liquid Restaking,1155806863.1023722,Ethereum;Arbitrum;Base;Zircuit;Scroll;Swellchain;zkSync Era;Blast;Mode;Optimism;Hemi;Linea;Sonic;Berachain;Manta;X Layer,1,1,1,1,8,1,8,9,,2023-11-08 14:25:14+00:00,2023-11-08 14:25:14+00:00,,1,0,other,,[certik],[code4rena],"[certik,code4rena]",[certik]
korbit,Korbit,-,CEX,837260348.4381232,Bitcoin;Ripple;Ethereum,1,0,1,1,0,1,0,1,,,,,1,0,other,,[certik],[],[certik],[certik]
krystal,Krystal,-,Liquidity manager,1250029.4851524453,Ethereum;Base;Polygon;Binance;Arbitrum;Solana;Ronin,0,1,1,0,8,0,8,8,,2024-06-17 15:17:59+00:00,2024-06-17 15:17:59+00:00,,0,0,unknown,,[],[code4rena],[code4rena],[]
kswap,KSwap,-,Dexs,0.1299194190373103,Kava,0,1,1,0,4,0,4,4,,2023-01-06 17:11:10+00:00,2023-01-06 17:11:10+00:00,,0,0,unknown,,[],[code4rena],[code4rena],[]
kuma-protocol,KUMA Protocol,-,RWA,3018247.433706409,Ethereum;Linea;Polygon;Telos,0,1,1,0,8,0,8,8,,2023-02-15 13:15:43+00:00,2023-02-15 13:15:43+00:00,,0,0,unknown,,[],[code4rena],[code4rena],[]
kwenta,Kwenta,KWENTA,Derivatives,0.0,,0,1,1,0,8,0,8,8,,2024-05-30 12:33:54+00:00,2024-05-30 12:33:54+00:00,,0,0,unknown,,[],[sherlock],[sherlock],[]
lavarage,Lavarage,-,Derivatives,1050528.2460692602,Solana,0,1,1,0,4,0,4,4,,2024-04-05 16:39:23+00:00,2024-04-05 16:39:23+00:00,,0,0,unknown,,[],[code4rena],[code4rena],[]
layerzero,LayerZero,ZRO,Bridge,,,0,1,1,0,8,0,8,8,,2025-10-23 14:22:54+00:00,2025-10-23 14:22:54+00:00,,0,0,unknown,,[],[code4rena],[code4rena],[]
lens-protocol,Lens Protocol,-,SoFi,,,0,1,1,0,8,0,8,8,,2023-07-11 20:51:49+00:00,2023-07-11 20:51:49+00:00,,0,0,unknown,,[],[code4rena],[code4rena],[]
liquid-ron,Liquid Ron,-,Liquid Staking,854297.2903317336,Ronin,0,1,1,0,8,0,8,8,,2025-02-25 16:58:04+00:00,2025-02-25 16:58:04+00:00,,0,0,unknown,,[],[code4rena],[code4rena],[]
livepeer,Livepeer,LPT,Video Infrastructure,,,0,1,1,0,16,0,16,16,,2023-08-25 17:16:15+00:00,2023-08-25 17:16:15+00:00,,0,0,unknown,,[],[code4rena],[code4rena],[]
lombard-btc.b,Lombard BTC.b,-,Bridge,362103549.32235944,Bitcoin,1,0,1,1,0,1,0,1,,,,,1,0,other,,[certik],[],[certik],[certik]
looksrare,LooksRare,LOOKS,NFT Marketplace,0.0,Ethereum,0,1,1,0,24,0,24,24,,2024-02-04 12:38:08+00:00,2024-02-04 12:38:08+00:00,,0,0,unknown,,[],"[code4rena,sherlock]","[code4rena,sherlock]",[]
loop,Loop,-,Leveraged Farming,1182550.690283338,Ethereum;XDC;Scroll;Binance,0,1,1,0,36,0,36,36,,2024-10-09 14:22:00+00:00,2024-10-09 14:22:00+00:00,,0,0,unknown,,[],[code4rena],[code4rena],[]
lybra-v2,Lybra V2,LBR,CDP,81415.74583088265,Ethereum,0,1,1,0,8,0,8,8,,2023-06-20 19:46:51+00:00,2023-06-20 19:46:51+00:00,,0,0,unknown,,[],[code4rena],[code4rena],[]
magicsea-lb,MagicSea LB,-,Dexs,1049016.0127323647,IOTA EVM,0,1,1,0,8,0,8,8,,2024-08-30 11:47:12+00:00,2024-08-30 11:47:12+00:00,,0,0,unknown,,[],[sherlock],[sherlock],[]
maia-dao,Maia DAO,MAIA,Yield,0.0,Metis;Arbitrum,0,1,1,0,16,0,16,16,,2023-09-19 07:40:42+00:00,2023-09-19 07:40:42+00:00,,0,0,unknown,,[],[code4rena],[code4rena],[]
mantra-dao,MANTRA DAO,OM,Lending,10177.777706091589,Ethereum;Binance;Polygon,0,1,1,0,4,0,4,4,,2024-11-26 18:01:07+00:00,2024-11-26 18:01:07+00:00,,0,0,unknown,,[],[code4rena],[code4rena],[]
maple,Maple,SYRUP,Lending,3134180258.2332397,Ethereum;Solana,0,1,1,0,24,0,24,24,,2022-03-04 20:47:19+00:00,2022-03-04 20:47:19+00:00,,0,0,unknown,,[],[code4rena],[code4rena],[]
marginswap,MarginSwap,MFI,Dexs,0.0,Binance;Ethereum;Avalanche;Polygon,0,1,1,0,8,0,8,8,,2021-04-01 21:15:56+00:00,2021-04-01 21:15:56+00:00,,0,0,unknown,,[],[code4rena],[code4rena],[]
market,Market,-,Lending,-1334.329194935566,Fantom;Polygon,0,1,1,0,8,0,8,8,,2025-04-16 20:19:10+00:00,2025-04-16 20:19:10+00:00,,0,0,unknown,,[],[sherlock],[sherlock],[]
match-finance,Match Finance,-,Yield Aggregator,7063.86012648356,Ethereum,0,1,1,0,8,0,8,8,,2024-12-29 15:44:09+00:00,2024-12-29 15:44:09+00:00,,0,0,unknown,,[],[sherlock],[sherlock],[]
mellow,Mellow,-,SoFi,4575.5527412019255,Base,0,1,1,0,28,0,28,28,,2025-08-25 11:22:48+00:00,2025-08-25 11:22:48+00:00,,0,0,unknown,,[],"[code4rena,sherlock]","[code4rena,sherlock]",[]
mento,Mento,MENTO,Algo-Stables,21240132.725797176,Ethereum;Celo;Bitcoin,0,1,1,0,16,0,16,16,,2024-12-04 16:46:36+00:00,2024-12-04 16:46:36+00:00,,0,0,unknown,,[],[sherlock],[sherlock],[]
merit-circle,Merit Circle,MC,Launchpad,0.0,Ethereum,0,1,1,0,8,0,8,8,,2022-10-27 15:28:17+00:00,2022-10-27 15:28:17+00:00,,0,0,unknown,,[],[sherlock],[sherlock],[]
merkl,Merkl,ANGLE,Yield,0.0,Ethereum;Polygon;Optimism;Arbitrum;Base;Polygon zkEVM,0,1,1,0,4,0,4,4,,2025-11-24 14:27:15+00:00,2025-11-24 14:27:15+00:00,,0,0,unknown,,[],[code4rena],[code4rena],[]
meteora-dlmm,Meteora DLMM,MET,Dexs,1283813904.8483655,Solana,0,1,1,0,4,0,4,4,,2025-06-09 13:30:04+00:00,2025-06-09 13:30:04+00:00,,0,0,unknown,,[],[code4rena],[code4rena],[]
meth-protocol,mETH Protocol,COOK,Liquid Staking,720521972.1458447,Ethereum,1,0,1,1,0,1,0,1,,,,,1,0,other,,[certik],[],[certik],[certik]
meth-protocol,mETH Protocol,-,Liquid Restaking,292080451.763821,Ethereum,1,0,1,1,0,1,0,1,,,,,1,0,other,,[certik],[],[certik],[certik]
midas-capital,Midas Capital,-,Lending,417533.5549882357,Polygon;Binance;Arbitrum;Moonbeam,0,1,1,0,8,0,8,8,,2024-06-21 11:58:11+00:00,2024-06-21 11:58:11+00:00,,0,0,unknown,,[],[sherlock],[sherlock],[]
mimboku-aggregator,Mimboku Aggregator,-,DEX Aggregator,,,0,1,1,0,8,0,8,8,,2025-01-29 12:03:48+00:00,2025-01-29 12:03:48+00:00,,0,0,unknown,,[],[sherlock],[sherlock],[]
mimo-v2,Mimo V2,-,Dexs,3464948.388002506,IoTeX,0,1,1,0,16,0,16,16,,2022-07-27 10:05:32+00:00,2022-07-27 10:05:32+00:00,,0,0,unknown,,[],[code4rena],[code4rena],[]
mochiswap,MochiSwap,MOCHI,Dexs,88810.33379540264,Binance;Harmony,0,1,1,0,8,0,8,8,,2021-10-07 15:49:31+00:00,2021-10-07 15:49:31+00:00,,0,0,unknown,,[],[code4rena],[code4rena],[]
moonwell-lending,Moonwell Lending,WELL,Lending,85030384.73496863,Base;Optimism;Moonbeam,0,1,1,0,12,0,12,12,,2025-07-24 17:19:52+00:00,2025-07-24 17:19:52+00:00,,0,0,unknown,,[],"[code4rena,sherlock]","[code4rena,sherlock]",[]
morpheus-swap,Morpheus Swap,PILLS,Dexs,7985.77705850555,Fantom,0,1,1,0,4,0,4,4,,2025-08-12 18:50:02+00:00,2025-08-12 18:50:02+00:00,,0,0,unknown,,[],[code4rena],[code4rena],[]
mover,Mover,MOVE,Yield,25438.43864921328,Ethereum;Polygon,0,1,1,0,8,0,8,8,,2022-11-23 12:32:39+00:00,2022-11-23 12:32:39+00:00,,0,0,unknown,,[],[sherlock],[sherlock],[]
munchables,Munchables,-,Farm,0.0,Blast,0,1,1,0,24,0,24,24,,2024-07-20 21:52:22+00:00,2024-07-20 21:52:22+00:00,,0,0,unknown,,[],[code4rena],[code4rena],[]
mycelium-perpetual-pools,Mycelium Perpetual Pools,MYC,Derivatives,193915.5082848241,Arbitrum,0,1,1,0,8,0,8,8,,2022-10-21 19:35:55+00:00,2022-10-21 19:35:55+00:00,,0,0,unknown,,[],[sherlock],[sherlock],[]
nami-index,Nami Index,-,Indexes,210187.92615487,Thorchain,0,1,1,0,12,0,12,12,,2023-08-15 13:13:58+00:00,2023-08-15 13:13:58+00:00,,0,0,unknown,,[],[sherlock],[sherlock],[]
napier,Napier,-,Yield,516847.7409804539,Ethereum;Base;Arbitrum;Sonic;Hyperliquid L1;Polygon;Fraxtal;Binance;Optimism;Mantle;Avalanche,0,1,1,0,16,0,16,16,,2024-06-04 14:51:26+00:00,2024-06-04 14:51:26+00:00,,0,0,unknown,,[],[sherlock],[sherlock],[]
neo-tokyo,Neo Tokyo,BYTE,Gaming,0.0,Ethereum,0,1,1,0,8,0,8,8,,2023-03-01 07:35:49+00:00,2023-03-01 07:35:49+00:00,,0,0,unknown,,[],[code4rena],[code4rena],[]
nested,Nested,-,Indexes,189516.4899136505,Binance;Polygon;Optimism;Arbitrum;Ethereum;Avalanche,0,1,1,0,24,0,24,24,,2022-06-08 19:04:32+00:00,2022-06-08 19:04:32+00:00,,0,0,unknown,,[],[code4rena],[code4rena],[]
nftx,NFTX,NFTX,NFT Marketplace,3473033.0952557484,Ethereum;Arbitrum,0,1,1,0,16,0,16,16,,2021-12-07 22:53:35+00:00,2021-12-07 22:53:35+00:00,,0,0,unknown,,[],[code4rena],[code4rena],[]
notional-v2,Notional V2,NOTE,Lending,3096346.814779559,Ethereum,0,1,1,0,56,0,56,56,,2023-12-12 17:37:49+00:00,2023-12-12 17:37:49+00:00,,0,0,unknown,,[],"[code4rena,sherlock]","[code4rena,sherlock]",[]
nouns,Nouns,-,Services,0.0,,0,1,1,0,56,0,56,56,,2024-12-18 17:24:49+00:00,2024-12-18 17:24:49+00:00,,0,0,unknown,,[],"[code4rena,sherlock]","[code4rena,sherlock]",[]
nsure,Nsure,NSURE,Insurance,318723.11565257737,Ethereum,0,1,1,0,7,0,7,7,,2021-12-13 17:58:01+00:00,2021-12-13 17:58:01+00:00,,0,0,unknown,,[],[code4rena],[code4rena],[]
numoen,Numoen,-,Derivatives,35923.61959977717,Arbitrum;Polygon;Celo,0,1,1,0,8,0,8,8,,2023-01-17 15:59:22+00:00,2023-01-17 15:59:22+00:00,,0,0,unknown,,[],[code4rena],[code4rena],[]
okx,OKX,-,CEX,23099691561.591255,Ethereum;Bitcoin;Solana;Doge;Tron;Litecoin;Ripple;Arbitrum;Aptos;Linea;Optimism;TON;Base;zkSync Era;Scroll;Starknet;Avalanche;Polygon;Polkadot,1,0,1,1,0,1,0,1,,,,,1,0,other,,[certik],[],[certik],[certik]
olympus-finance,Olympus Finance,THERMES,Algo-Stables,0.0,Fantom,0,1,1,0,32,0,32,32,,2024-01-29 13:21:18+00:00,2024-01-29 13:21:18+00:00,,0,0,unknown,,[],"[code4rena,sherlock]","[code4rena,sherlock]",[]
omnidex-perpetuals,OmniDex Perpetuals,CHARM,Derivatives,132.29971016425412,Telos,0,1,1,0,8,0,8,8,,2024-05-09 11:32:28+00:00,2024-05-09 11:32:28+00:00,,0,0,unknown,,[],[sherlock],[sherlock],[]
ondo-global-markets,Ondo Global Markets,ONDO,RWA,436797704.2850246,Ethereum;Binance,0,1,1,0,2,0,2,2,,,,,0,0,unknown,,[],[code4rena],[code4rena],[]
ondo-v1-(legacy),Ondo v1 (Legacy),-,Yield,0.0,Ethereum,0,1,1,0,14,0,14,14,,2023-08-28 14:43:11+00:00,2023-08-28 14:43:11+00:00,,0,0,unknown,,[],[code4rena],[code4rena],[]
onedao-finance,OneDAO Finance,ODAO,Reserve Currency,0.0,Harmony,0,1,1,0,8,0,8,8,,2024-03-27 21:16:56+00:00,2024-03-27 21:16:56+00:00,,0,0,unknown,,[],[code4rena],[code4rena],[]
ooki,Ooki,OOKI,Lending,27516.32652865551,Ethereum;Binance;Arbitrum;Optimism;Polygon,0,1,1,0,4,0,4,4,,2022-02-11 18:14:27+00:00,2022-02-11 18:14:27+00:00,,0,0,unknown,,[],[code4rena],[code4rena],[]
open-dollar,Open Dollar,ODG,CDP,9525.942937883428,Arbitrum,0,1,1,0,8,0,8,8,,2023-10-12 10:58:02+00:00,2023-10-12 10:58:02+00:00,,0,0,unknown,,[],[code4rena],[code4rena],[]
openleverage,OpenLeverage,OLE,Dexs,119911.7120826064,Binance;Ethereum;Kucoin;Arbitrum,0,1,1,0,8,0,8,8,,2021-12-17 14:55:58+00:00,2021-12-17 14:55:58+00:00,,0,0,unknown,,[],[code4rena],[code4rena],[]
opensea-seaport,Opensea Seaport,-,NFT Marketplace,0.0,,0,1,1,0,8,0,8,8,,2022-05-20 10:37:00+00:00,2022-05-20 10:37:00+00:00,,0,0,unknown,,[],[code4rena],[code4rena],[]
opensea-v1,OpenSea V1,-,NFT Marketplace,0.0,,0,1,1,0,8,0,8,8,,2022-12-21 14:31:20+00:00,2022-12-21 14:31:20+00:00,,0,0,unknown,,[],[code4rena],[code4rena],[]
optimism-foundation,Optimism Foundation,OP,Foundation,0.0,,0,1,1,0,24,0,24,24,,2024-06-20 15:44:51+00:00,2024-06-20 15:44:51+00:00,,0,0,unknown,,[],"[code4rena,sherlock]","[code4rena,sherlock]",[]
opus,Opus,-,CDP,486567.6796905008,Starknet,0,1,1,0,8,0,8,8,,2024-01-02 17:41:46+00:00,2024-01-02 17:41:46+00:00,,0,0,unknown,,[],[code4rena],[code4rena],[]
opyn-convexity,Opyn Convexity,-,Options,757340.4945007913,Ethereum,0,1,1,0,8,0,8,8,,2022-12-14 13:00:07+00:00,2022-12-14 13:00:07+00:00,,0,0,unknown,,[],[sherlock],[sherlock],[]
ore-protocol,ORE Protocol,ORE,Gamified Mining,,,0,1,1,0,8,0,8,8,,2024-04-18 16:39:42+00:00,2024-04-18 16:39:42+00:00,,0,0,unknown,,[],[sherlock],[sherlock],[]
paladin-vote,Paladin Vote,PAL,Lending,94613.77116825742,Ethereum,0,1,1,0,16,0,16,16,,2022-10-20 16:39:20+00:00,2022-10-20 16:39:20+00:00,,0,0,unknown,,[],[code4rena],[code4rena],[]
pancakeswap-amm,PancakeSwap AMM,CAKE,Dexs,1840316932.3080416,Binance;Op_Bnb;Ethereum;Aptos;zkSync Era;Base;Arbitrum;Linea;Polygon zkEVM;Monad,1,0,1,1,0,1,0,1,,,,,1,0,other,88.0,[full],[],[full],[certik]
panoptic-v1,Panoptic V1,-,Options,6965.634741362571,Ethereum;Unichain;Base,0,1,1,0,40,0,40,40,,2025-12-19 18:28:28+00:00,2025-12-19 18:28:28+00:00,,0,0,unknown,,[],[code4rena],[code4rena],[]
paraspace-ape-staking-v1,ParaSpace APE Staking V1,-,Yield,32921.41104596862,Ethereum,0,1,1,0,8,0,8,8,,2022-11-21 20:07:01+00:00,2022-11-21 20:07:01+00:00,,0,0,unknown,,[],[code4rena],[code4rena],[]
pareto-credit,Pareto Credit,-,RWA Lending,129618748.2262448,Ethereum;Polygon;Arbitrum;Optimism,0,1,1,0,8,0,8,8,,2025-05-13 10:54:11+00:00,2025-05-13 10:54:11+00:00,,0,0,unknown,,[],[sherlock],[sherlock],[]
particles-money,Particles Money,PARTICLE,Algo-Stables,701.2553138664935,Base,0,1,1,0,12,0,12,12,,2023-12-05 19:28:45+00:00,2023-12-05 19:28:45+00:00,,0,0,unknown,,[],[code4rena],[code4rena],[]
partyswap,PartySwap,PARTY,Dexs,6552.824620754025,Avalanche,0,1,1,0,4,0,4,4,,,,,0,0,unknown,,[],[code4rena],[code4rena],[]
peapods-finance,Peapods Finance,PEAS,Yield,7692742.997266632,Ethereum;Base;Arbitrum;Sonic;Berachain;Mode,0,1,1,0,8,0,8,8,,2025-03-21 14:30:39+00:00,2025-03-21 14:30:39+00:00,,0,0,unknown,,[],[sherlock],[sherlock],[]
pendle,Pendle,PENDLE,Yield,3718497407.713382,Ethereum;Plasma;Arbitrum;Binance;Hyperliquid L1;Base;Sonic;Berachain;Mantle;Avalanche;Optimism,1,0,1,1,0,1,0,1,,,,,1,0,other,,[certik],[],[certik],[certik]
perennial-v2,Perennial V2,-,Derivatives,236747.50356464696,Arbitrum;Perennial,0,1,1,0,64,0,64,64,,2025-02-14 23:22:37+00:00,2025-02-14 23:22:37+00:00,,0,0,unknown,,[],"[code4rena,sherlock]","[code4rena,sherlock]",[]
permute,Permute,-,Bridge,,,0,1,1,0,8,0,8,8,,2023-03-22 21:30:37+00:00,2023-03-22 21:30:37+00:00,,0,0,unknown,,[],[code4rena],[code4rena],[]
phi,Phi,PHI,Launchpad,5199.282424200115,Base,0,1,1,0,12,0,12,12,,2024-08-16 00:49:11+00:00,2024-08-16 00:49:11+00:00,,0,0,unknown,,[],[code4rena],[code4rena],[]
phuture,Phuture,PHTR,Indexes,1693287.8899995922,Avalanche;Ethereum,0,1,1,0,8,0,8,8,,2022-02-11 19:40:55+00:00,2022-02-11 19:40:55+00:00,,0,0,unknown,,[],[code4rena],[code4rena],[]
plaza-finance,Plaza Finance,-,Derivatives,0.0,Base,0,1,1,0,8,0,8,8,,2025-04-17 09:24:50+00:00,2025-04-17 09:24:50+00:00,,0,0,unknown,,[],[sherlock],[sherlock],[]
polynomial-earn,Polynomial Earn,-,Options Vault,152245.13507493428,Optimism,0,1,1,0,4,0,4,4,,2023-03-08 14:39:09+00:00,2023-03-08 14:39:09+00:00,,0,0,unknown,,[],[code4rena],[code4rena],[]
pooltogether-v5,PoolTogether V5,POOL,Yield Lottery,6199535.619088407,Optimism;Base;Ethereum;xDai;World Chain;Arbitrum;Scroll,0,1,1,0,88,0,88,88,,2024-07-15 13:09:58+00:00,2024-07-15 13:09:58+00:00,,0,0,unknown,,[],"[code4rena,sherlock]","[code4rena,sherlock]",[]
portal,Portal,W,Bridge,1670510796.846037,Ethereum;Solana;Binance;Near;Polygon;Terra;Avalanche;Arbitrum;Sui;Aptos;Moonbeam;Fantom;Base;Algorand;Klaytn;Celo;Oasis;Optimism;Aurora;Injective;Terra2;XPLA;Karura;Acala,1,0,1,1,0,1,0,1,,,,,1,0,other,,[certik],[],[certik],[certik]
predict-fun,Predict Fun,-,Prediction Market,10973709.924107516,Binance;Blast,0,1,1,0,8,0,8,8,,2024-10-30 20:48:10+00:00,2024-10-30 20:48:10+00:00,,0,0,unknown,,[],[sherlock],[sherlock],[]
predy-v5,Predy V5,-,Derivatives,12451.697275157234,Arbitrum,0,1,1,0,8,0,8,8,,2024-05-22 18:26:36+00:00,2024-05-22 18:26:36+00:00,,0,0,unknown,,[],[code4rena],[code4rena],[]
prepo,prePO,-,Derivatives,15849.440508298028,Arbitrum;Blast;Base,0,1,1,0,20,0,20,20,,2023-03-03 18:13:07+00:00,2023-03-03 18:13:07+00:00,,0,0,unknown,,[],[code4rena],[code4rena],[]
q-infinity,Q Infinity,-,Farm,2249.2738594947295,Q Protocol,0,1,1,0,7,0,7,7,,2022-06-08 18:46:42+00:00,2022-06-08 18:46:42+00:00,,0,0,unknown,,[],[code4rena],[code4rena],[]
quickswap-dex,Quickswap Dex,QUICK,Dexs,422441535.7912815,Polygon;Base,0,1,1,0,8,0,8,8,,2022-09-22 10:03:28+00:00,2022-09-22 10:03:28+00:00,,0,0,unknown,,[],[code4rena],[code4rena],[]
rage-trade,Rage Trade,-,Derivatives,,,0,1,1,0,8,0,8,8,,2022-11-28 19:12:01+00:00,2022-11-28 19:12:01+00:00,,0,0,unknown,,[],[sherlock],[sherlock],[]
re,Re,-,Insurance,250292305.4148087,Ethereum;Avalanche;Base;Arbitrum,0,1,1,0,120,0,120,120,,2025-10-10 16:36:34+00:00,2025-10-10 16:36:34+00:00,,0,0,unknown,,[],"[code4rena,sherlock]","[code4rena,sherlock]",[]
renzo,Renzo,REZ,Liquid Restaking,655517540.5528857,Ethereum;Arbitrum;Linea;Solana;Zircuit;Mode;Base;Optimism;Blast;Binance;Fraxtal;Sei,1,1,1,1,8,1,8,9,,2024-04-29 19:39:20+00:00,2024-04-29 19:39:20+00:00,,1,0,other,,[certik],[code4rena],"[certik,code4rena]",[certik]
revert-lend,Revert Lend,-,Lending,10136942.901773404,Arbitrum;Base;Ethereum,0,1,1,0,8,0,8,8,,2024-02-26 17:08:54+00:00,2024-02-26 17:08:54+00:00,,0,0,unknown,,[],[code4rena],[code4rena],[]
robinhood,Robinhood,-,CEX,16794939403.069056,Bitcoin;Ethereum;Avalanche;Polygon,1,0,1,1,0,1,0,1,,,,,1,0,other,,[certik],[],[certik],[certik]
rocket-pool,Rocket Pool,RPL,Liquid Staking,1829292165.1380453,Ethereum,1,0,1,1,0,1,0,1,,,,,1,0,other,,[certik],[],[certik],[certik]
ronin-bridge,Ronin Bridge,RON,Canonical Bridge,6520474.804891852,Ethereum,0,1,1,0,8,0,8,8,,2024-10-09 03:29:07+00:00,2024-10-09 03:29:07+00:00,,0,0,unknown,,[],[code4rena],[code4rena],[]
rubic,Rubic,RBC,DEX Aggregator,0.0,Binance;Kava,0,1,1,0,8,0,8,8,,2024-02-21 18:45:10+00:00,2024-02-21 18:45:10+00:00,,0,0,unknown,,[],[sherlock],[sherlock],[]
rubicon,Rubicon,RUBI,Dexs,291750.0745171129,Optimism;Base;Arbitrum,0,1,1,0,16,0,16,16,,2023-03-31 04:31:01+00:00,2023-03-31 04:31:01+00:00,,0,0,unknown,,[],[code4rena],[code4rena],[]
saffron-finance,Saffron Finance,SFI,Yield,0.0,Ethereum,0,1,1,0,8,0,8,8,,2024-10-09 11:58:01+00:00,2024-10-09 11:58:01+00:00,,0,0,unknown,,[],[sherlock],[sherlock],[]
salty.io,Salty.IO,SALT,Dexs,630.1873235882979,Ethereum,0,1,1,0,8,0,8,8,,2024-01-09 12:17:08+00:00,2024-01-09 12:17:08+00:00,,0,0,unknown,,[],[code4rena],[code4rena],[]
sandclock,SandClock,QUARTZ,Yield,110479.98128849392,Ethereum,0,1,1,0,8,0,8,8,,2021-12-07 16:46:35+00:00,2021-12-07 16:46:35+00:00,,0,0,unknown,,[],[code4rena],[code4rena],[]
sense,Sense,-,Yield,35911.64210207676,Ethereum,0,1,1,0,24,0,24,24,,2024-10-12 14:37:09+00:00,2024-10-12 14:37:09+00:00,,0,0,unknown,,[],[sherlock],[sherlock],[]
sentiment,Sentiment,-,Lending,16327565.906641806,Hyperliquid L1;Arbitrum,0,1,1,0,40,0,40,40,,2024-11-18 15:03:22+00:00,2024-11-18 15:03:22+00:00,,0,0,unknown,,[],[sherlock],[sherlock],[]
shell-protocol,Shell Protocol,SHELL,Dexs,166110.1769673644,Arbitrum,0,1,1,0,16,0,16,16,,2023-11-14 20:03:13+00:00,2023-11-14 20:03:13+00:00,,0,0,unknown,,[],[code4rena],[code4rena],[]
sherlock,Sherlock,-,Insurance,504467.7507551894,Ethereum,0,1,1,0,24,0,24,24,,2022-10-19 19:48:22+00:00,2022-10-19 19:48:22+00:00,,0,0,unknown,,[],"[code4rena,sherlock]","[code4rena,sherlock]",[]
sio2-finance,SiO2 Finance,SiO2,Lending,244251.89673877464,Astar,0,1,1,0,4,0,4,4,,2025-01-22 17:58:44+00:00,2025-01-22 17:58:44+00:00,,0,0,unknown,,[],[code4rena],[code4rena],[]
size-lending,Size Lending,-,Lending,5.843241333883922,Base,0,1,1,0,16,0,16,16,,2024-06-07 13:48:32+00:00,2024-06-07 13:48:32+00:00,,0,0,unknown,,[],[code4rena],[code4rena],[]
skale-network-bridge,SKALE Network Bridge,-,Bridge,1134565.0408259674,Ethereum,0,1,1,0,8,0,8,8,,2022-02-10 15:44:15+00:00,2022-02-10 15:44:15+00:00,,0,0,unknown,,[],[code4rena],[code4rena],[]
slingshot,Slingshot,-,DEX Aggregator,,,0,1,1,0,16,0,16,16,,2021-10-25 21:04:13+00:00,2021-10-25 21:04:13+00:00,,0,0,unknown,,[],[code4rena],[code4rena],[]
smilee-finance-gbera,Smilee Finance gBERA,-,Liquid Staking,3545069.523816687,Berachain,0,1,1,0,8,0,8,8,,2024-04-01 13:02:01+00:00,2024-04-01 13:02:01+00:00,,0,0,unknown,,[],[sherlock],[sherlock],[]
soda-protocol,Soda Protocol,-,Lending,0.0770007257349229,Solana,0,1,1,0,8,0,8,8,,2025-04-08 16:02:12+00:00,2025-04-08 16:02:12+00:00,,0,0,unknown,,[],[sherlock],[sherlock],[]
solana,Solana,SOL,Canonical Bridge,,,0,1,1,0,20,0,20,20,,2025-07-17 14:13:10+00:00,2025-07-17 14:13:10+00:00,,0,0,unknown,,[],"[code4rena,sherlock]","[code4rena,sherlock]",[]
sophon-farm,Sophon Farm,-,Chain,9628626.400699489,Sophon;Ethereum,0,1,1,0,8,0,8,8,,2024-06-17 11:48:05+00:00,2024-06-17 11:48:05+00:00,,0,0,unknown,,[],[sherlock],[sherlock],[]
spartan,Spartan,SPARTA,Dexs,9672.264352781269,Binance,0,1,1,0,8,0,8,8,,2021-07-05 16:53:21+00:00,2021-07-05 16:53:21+00:00,,0,0,unknown,,[],[code4rena],[code4rena],[]
spectra-v1,Spectra V1,SPECTRA,Yield Aggregator,180670.20070190425,Polygon;Ethereum,0,1,1,0,1,0,1,1,,,,,0,0,unknown,,[],[code4rena],[code4rena],[]
spectra-v2,Spectra V2,SPECTRA,Yield,40328205.20101048,Hemi;Ethereum;Katana;Binance;Hyperliquid L1;Flare;Base;Sonic;Avalanche;Monad;Arbitrum;Optimism,0,1,1,0,7,0,7,7,,2024-02-21 14:01:06+00:00,2024-02-21 14:01:06+00:00,,0,0,unknown,,[],[code4rena],[code4rena],[]
stack,Stack,-,CDP,0.0,re.al,0,1,1,0,8,0,8,8,,2025-04-15 11:27:13+00:00,2025-04-15 11:27:13+00:00,,0,0,unknown,,[],[sherlock],[sherlock],[]
stader,Stader,SD,Liquid Staking,542189383.1423585,Ethereum;Hedera;Binance;Fantom;Terra2;Near,0,1,1,0,8,0,8,8,,2023-05-31 12:47:48+00:00,2023-05-31 12:47:48+00:00,,0,0,unknown,,[],[code4rena],[code4rena],[]
stakehouse,Stakehouse,BSN,Liquid Staking,101495.18007,Ethereum,0,1,1,0,8,0,8,8,,2022-11-08 15:04:42+00:00,2022-11-08 15:04:42+00:00,,0,0,unknown,,[],[code4rena],[code4rena],[]
stakin,Stakin,-,Ponzi,2.4861656164882857e-10,Base,0,1,1,0,24,0,24,24,,2024-08-23 12:16:09+00:00,2024-08-23 12:16:09+00:00,,0,0,unknown,,[],[sherlock],[sherlock],[]
starknet-bridge,Starknet Bridge,STRK,Canonical Bridge,712087754.6125412,Ethereum,0,1,1,0,4,0,4,4,,2025-03-10 12:44:54+00:00,2025-03-10 12:44:54+00:00,,0,0,unknown,,[],[code4rena],[code4rena],[]
sturdy-v1,Sturdy V1,STRDY,Lending,76697.43639503689,Ethereum;Fantom,0,1,1,0,8,0,8,8,,2022-05-12 17:48:26+00:00,2022-05-12 17:48:26+00:00,,0,0,unknown,,[],[code4rena],[code4rena],[]
superfluid,Superfluid,SUP,Payments,11408950.046226157,Optimism;Arbitrum;Base;Polygon;Ethereum;Celo;xDai;Avalanche;Scroll;Binance,0,1,1,0,16,0,16,16,,2025-07-04 07:20:14+00:00,2025-07-04 07:20:14+00:00,,0,0,unknown,,[],[sherlock],[sherlock],[]
superp,Superp,SUP,Derivatives,200966.6220999321,Binance,0,1,1,0,8,0,8,8,,2024-10-02 01:59:13+00:00,2024-10-02 01:59:13+00:00,,0,0,unknown,,[],[code4rena],[code4rena],[]
superposition,Superposition,-,Lending,586340.3862418168,Aptos,0,1,1,0,16,0,16,16,,2024-10-02 01:59:14+00:00,2024-10-02 01:59:14+00:00,,0,0,unknown,,[],[code4rena],[code4rena],[]
surge,Surge,-,Lending,2990.510194569928,Arbitrum,0,1,1,0,8,0,8,8,,2023-06-26 19:48:47+00:00,2023-06-26 19:48:47+00:00,,0,0,unknown,,[],[sherlock],[sherlock],[]
sushi-trident,Sushi Trident,-,Dexs,276183.0396718068,Polygon;Optimism;Metis;Bittorrent;Arbitrum;Binance;Avalanche;Kava,0,1,1,0,8,0,8,8,,2021-08-27 16:42:19+00:00,2021-08-27 16:42:19+00:00,,0,0,unknown,,[],[code4rena],[code4rena],[]
swissborg,SwissBorg,BORG,CEX,1183472201.6291504,Ethereum;Bitcoin;Solana;Ripple;Binance;Cardano;Hedera;Avalanche;Doge;Near;Tron;Polygon;Cosmos;Injective;Stellar;TON;Arbitrum;Optimism;Sei;Algorand;Celestia;Moonbeam;Sonic;Berachain;Osmosis;xDai;Chiliz;Polkadot,1,0,1,1,0,1,0,1,,,,,1,0,other,,[certik],[],[certik],[certik]
swivel-finance,Swivel Finance,-,Yield,5.492444022435884,Ethereum,0,1,1,0,16,0,16,16,,2022-06-06 19:48:48+00:00,2022-06-06 19:48:48+00:00,,0,0,unknown,,[],[code4rena],[code4rena],[]
symbiotic,Symbiotic,-,Restaking,565618218.7652495,Ethereum,1,1,1,1,8,1,8,9,,2025-08-25 11:24:36+00:00,2025-08-25 11:24:36+00:00,,1,0,other,,[certik],[sherlock],"[certik,sherlock]",[certik]
symmetric,Symmetric,SYMM,Dexs,50850.621963812686,xDai;Celo;Taiko;Meter;Telos;Etherlink,0,1,1,0,24,0,24,24,,2024-07-05 15:23:04+00:00,2024-07-05 15:23:04+00:00,,0,0,unknown,,[],[sherlock],[sherlock],[]
symmetry,Symmetry,-,Indexes,2671609.6509778937,Solana,0,1,1,0,32,0,32,32,,2023-10-13 18:31:45+00:00,2023-10-13 18:31:45+00:00,,0,0,unknown,,[],[code4rena],[code4rena],[]
symmio,SYMMIO,SYMM,Derivatives,5686525.628728336,Base;Coti;Binance;Arbitrum;Berachain;Sonic;Mantle;IOTA EVM;Mode,0,1,1,0,16,0,16,16,,2024-10-24 16:28:33+00:00,2024-10-24 16:28:33+00:00,,0,0,unknown,,[],[sherlock],[sherlock],[]
taiko-bridge,Taiko Bridge,TAIKO,Canonical Bridge,30165934.920577265,Ethereum,0,1,1,0,8,0,8,8,,2024-02-26 18:23:02+00:00,2024-02-26 18:23:02+00:00,,0,0,unknown,,[],[code4rena],[code4rena],[]
taiko-drips,Taiko Drips,-,Farm,0.0,Taiko,0,1,1,0,8,0,8,8,,2023-01-18 18:09:35+00:00,2023-01-18 18:09:35+00:00,,0,0,unknown,,[],[code4rena],[code4rena],[]
tangible-arcana,Tangible Arcana,-,Basis Trading,0.0,re.al,0,1,1,0,4,0,4,4,,2023-07-27 20:35:03+00:00,2023-07-27 20:35:03+00:00,,0,0,unknown,,[],[code4rena],[code4rena],[]
tbtc,tBTC,T,Decentralized BTC,541476713.0971974,Bitcoin;Ethereum,1,0,1,1,0,1,0,1,,,,,1,0,other,,[certik],[],[certik],[certik]
telcoin,Telcoin,TEL,Payments,0.0,Polygon,0,1,1,0,40,0,40,40,,2024-12-05 21:22:32+00:00,2024-12-05 21:22:32+00:00,,0,0,unknown,,[],[sherlock],[sherlock],[]
teller,Teller,-,Lending,7729523.605116893,Ethereum;Base;Arbitrum;Katana,0,1,1,0,24,0,24,24,,2025-01-06 00:17:40+00:00,2025-01-06 00:17:40+00:00,,0,0,unknown,,[],[sherlock],[sherlock],[]
tempus-finance,Tempus Finance,TEMP,Services,0.0,Ethereum;Fantom,0,1,1,0,8,0,8,8,,2021-09-17 17:05:56+00:00,2021-09-17 17:05:56+00:00,,0,0,unknown,,[],[code4rena],[code4rena],[]
tessera-v,Tessera V,-,Dexs,,,0,1,1,0,8,0,8,8,,2022-12-06 17:47:01+00:00,2022-12-06 17:47:01+00:00,,0,0,unknown,,[],[code4rena],[code4rena],[]
tether-gold,Tether Gold,XAUt,RWA,2266958519.029269,Ethereum;Plasma;Avalanche;Monad;Arbitrum;Celo;Polygon;Ink,1,0,1,1,0,1,0,1,,,,,1,0,other,,[certik],[],[certik],[certik]
the-graph,The Graph,GRT,Developer Tools,0.0,Ethereum;Arbitrum,0,1,1,0,8,0,8,8,,2022-10-04 14:56:33+00:00,2022-10-04 14:56:33+00:00,,0,0,unknown,,[],[code4rena],[code4rena],[]
the-llamas,The Llamas,-,Services,0.0,,0,1,1,0,8,0,8,8,,2023-05-22 21:11:29+00:00,2023-05-22 21:11:29+00:00,,0,0,unknown,,[],[code4rena],[code4rena],[]
thorchain-dex,Thorchain DEX,RUNE,Dexs,88261509.76501241,Thorchain;Bitcoin;Ethereum;Bitcoincash;Doge;Avalanche;Litecoin;Ripple;Binance;Tron;Cosmos;Base,0,1,1,0,8,0,8,8,,2024-05-30 18:34:40+00:00,2024-05-30 18:34:40+00:00,,0,0,unknown,,[],[code4rena],[code4rena],[]
thorwallet-dex,THORWallet DEX,TGT,Cross Chain Bridge,0.0,,0,1,1,0,4,0,4,4,,2025-02-18 12:52:44+00:00,2025-02-18 12:52:44+00:00,,0,0,unknown,,[],[code4rena],[code4rena],[]
thruster-v3,Thruster V3,-,Dexs,7082809.5339247715,Blast,0,1,1,0,8,0,8,8,,2024-02-13 17:24:51+00:00,2024-02-13 17:24:51+00:00,,0,0,unknown,,[],[code4rena],[code4rena],[]
tigris,Tigris,TIG,Derivatives,9412.61926049734,Polygon;Arbitrum,0,1,1,0,8,0,8,8,,2022-12-06 14:18:49+00:00,2022-12-06 14:18:49+00:00,,0,0,unknown,,[],[code4rena],[code4rena],[]
timeswap-v2,Timeswap V2,TIME,Lending,568960.3309864004,Hyperliquid L1;Arbitrum;Base;Ethereum;Polygon;Optimism;Mantle;inEVM;Polygon zkEVM;X Layer,0,1,1,0,24,0,24,24,,2023-01-17 14:40:35+00:00,2023-01-17 14:40:35+00:00,,0,0,unknown,,[],[code4rena],[code4rena],[]
ton,TON,TON,Chain,,,0,1,1,0,16,0,16,16,,2025-02-12 02:12:08+00:00,2025-02-12 02:12:08+00:00,,0,0,unknown,,[],"[code4rena,sherlock]","[code4rena,sherlock]",[]
tribe3,Tribe3,-,Derivatives,0.0,Arbitrum,0,1,1,0,7,0,7,7,,2022-09-07 01:27:44+00:00,2022-09-07 01:27:44+00:00,,0,0,unknown,,[],[code4rena],[code4rena],[]
union-protocol,Union Protocol,UNION,Uncollateralized Lending,270626.15852935746,Optimism;Ethereum;Base;Arbitrum,0,1,1,0,3,0,3,3,,,,,0,0,unknown,,[],"[code4rena,sherlock]","[code4rena,sherlock]",[]
uniswap-v3,Uniswap V3,UNI,Dexs,2199230946.534882,Ethereum;Arbitrum;Base;Binance;Polygon;BOB;Plasma;xDai;Optimism;RSK;Celo;Saga;Nibiru;Avalanche;Monad;World Chain;Etherlink;XDC;zkSync Era;Unichain;Filecoin;Boba;Goat;Corn;Lens;Telos;Sonic;Mantle;Redbelly;Sei;Hemi;LightLink;Scroll;Linea;Blast;Taiko;Lisk;Moonbeam;Polygon zkEVM;Manta,1,0,1,2,0,2,0,2,,,,,2,0,other,92.0,[full],[],[full],"[certik,defisafety]"
unitas,Unitas,-,Basis Trading,27187973.443387978,Solana;Binance,0,1,1,0,8,0,8,8,,2023-07-06 20:04:03+00:00,2023-07-06 20:04:03+00:00,,0,0,unknown,,[],[sherlock],[sherlock],[]
unlockd-v1,Unlockd V1,-,Lending,11568.859232115596,Ethereum,0,1,1,0,8,0,8,8,,2021-11-03 15:42:10+00:00,2021-11-03 15:42:10+00:00,,0,0,unknown,,[],[code4rena],[code4rena],[]
usdt0,USDT0,-,Bridge,4475173923.039608,Ethereum,1,0,1,1,0,1,0,1,,,,,1,0,other,,[certik],[],[certik],[certik]
uxd,UXD,UXP,Partially Algorithmic Stablecoin,303879.49811882665,Solana,0,1,1,0,8,0,8,8,,2023-03-16 15:11:05+00:00,2023-03-16 15:11:05+00:00,,0,0,unknown,,[],[sherlock],[sherlock],[]
vader-ai,Vader AI,VADER,AI Agents,0.0,Base,0,1,1,0,24,0,24,24,,2021-12-10 16:38:31+00:00,2021-12-10 16:38:31+00:00,,0,0,unknown,,[],[code4rena],[code4rena],[]
veda,Veda,-,Onchain Capital Allocator,1803702752.2112117,Ethereum;Plasma;Scroll;Hyperliquid L1;Sonic;Base;Arbitrum;Berachain;Binance;BOB,1,0,1,1,0,1,0,1,,,,,1,0,other,,[certik],[],[certik],[certik]
velocimeter-v4,Velocimeter V4,-,Dexs,10416.247704042991,IOTA EVM,0,1,1,0,8,0,8,8,,2024-09-03 11:22:07+00:00,2024-09-03 11:22:07+00:00,,0,0,unknown,,[],[sherlock],[sherlock],[]
velodrome-v1,Velodrome V1,VELO,Dexs,742101.8149345726,Optimism,0,1,1,0,8,0,8,8,,2022-05-20 20:36:09+00:00,2022-05-20 20:36:09+00:00,,0,0,unknown,,[],[code4rena],[code4rena],[]
venuswap,Venuswap,VEN,Dexs,1479.859681529829,Zkfair,0,1,1,0,16,0,16,16,,2023-09-21 20:13:41+00:00,2023-09-21 20:13:41+00:00,,0,0,unknown,,[],[code4rena],[code4rena],[]
verse,Verse,VERSE,Dexs,745936.3192848049,Ethereum;smartBCH,0,1,1,0,4,0,4,4,,2022-12-16 00:04:42+00:00,2022-12-16 00:04:42+00:00,,0,0,unknown,,[],[code4rena],[code4rena],[]
virtuals-protocol,Virtuals Protocol,VIRTUAL,AI Agents,,,0,1,1,0,4,0,4,4,,2025-02-04 12:23:10+00:00,2025-02-04 12:23:10+00:00,,0,0,unknown,,[],[code4rena],[code4rena],[]
voltage-stableswap,Voltage StableSwap,VOLT,Dexs,17856.781905404754,Fuse,0,1,1,0,7,0,7,7,,2022-03-16 18:52:57+00:00,2022-03-16 18:52:57+00:00,,0,0,unknown,,[],[code4rena],[code4rena],[]
wagmi,WAGMI,WAGMI,Dexs,2923655.395135733,Sonic;Kava;Metis;IOTA EVM;zkSync Era;Ethereum;Base;zkLink;Fantom,0,1,1,0,24,0,24,24,,2024-04-02 17:33:15+00:00,2024-04-02 17:33:15+00:00,,0,0,unknown,,[],[sherlock],[sherlock],[]
wild-credit,Wild Credit,WILD,Lending,10003.664450354854,Ethereum,0,1,1,0,16,0,16,16,,2021-09-08 16:22:38+00:00,2021-09-08 16:22:38+00:00,,0,0,unknown,,[],[code4rena],[code4rena],[]
wildcat-protocol,Wildcat Protocol,-,Uncollateralized Lending,14378988.35140891,Ethereum,0,1,1,0,16,0,16,16,,2024-08-30 10:25:58+00:00,2024-08-30 10:25:58+00:00,,0,0,unknown,,[],[code4rena],[code4rena],[]
wise-lending-v1,Wise Lending V1,-,Lending,11.694687220234188,Ethereum,0,1,1,0,8,0,8,8,,2024-02-06 22:57:47+00:00,2024-02-06 22:57:47+00:00,,0,0,unknown,,[],[code4rena],[code4rena],[]
woofi-swap,WOOFi Swap,WOO,Dexs,7578576.722037386,Avalanche;Polygon;Base;Linea;Mantle;Arbitrum;Optimism;Binance;Sonic;Monad;Berachain;Hyperliquid L1;zkSync Era;Fantom;Ethereum;Polygon zkEVM,0,1,1,0,8,0,8,8,,2024-05-07 20:33:58+00:00,2024-05-07 20:33:58+00:00,,0,0,unknown,,[],[sherlock],[sherlock],[]
x,X,X,Services,0.0,Ethereum,0,1,1,0,80,0,80,80,,2025-03-03 17:02:29+00:00,2025-03-03 17:02:29+00:00,,0,0,unknown,,[],"[code4rena,sherlock]","[code4rena,sherlock]",[]
xdefi,XDeFi,XDEX,Dexs,122079.63280424448,Ethereum,0,1,1,0,8,0,8,8,,2021-12-21 20:20:34+00:00,2021-12-21 20:20:34+00:00,,0,0,unknown,,[],[code4rena],[code4rena],[]
y2b-finance,Y2B Finance,Y2B,Derivatives,0.0,Ethereum,0,1,1,0,8,0,8,8,,2022-09-08 20:32:17+00:00,2022-09-08 20:32:17+00:00,,0,0,unknown,,[],[code4rena],[code4rena],[]
y2k-v2,Y2K V2,Y2K,Derivatives,3783.080561326893,Arbitrum,0,1,1,0,8,0,8,8,,2023-05-22 10:41:43+00:00,2023-05-22 10:41:43+00:00,,0,0,unknown,,[],[sherlock],[sherlock],[]
yaxis,yAxis,YAXIS,Yield Aggregator,397784.0393467834,Ethereum,0,1,1,0,16,0,16,16,,2021-11-10 23:00:28+00:00,2021-11-10 23:00:28+00:00,,0,0,unknown,,[],[code4rena],[code4rena],[]
yeti-finance,Yeti Finance,YETI,CDP,0.0,Avalanche,0,1,1,0,8,0,8,8,,2021-12-07 16:31:10+00:00,2021-12-07 16:31:10+00:00,,0,0,unknown,,[],[code4rena],[code4rena],[]
yieldly,Yieldly,YLDY,Yield,0.0,Algorand,0,1,1,0,8,0,8,8,,2022-06-14 17:05:58+00:00,2022-06-14 17:05:58+00:00,,0,0,unknown,,[],[code4rena],[code4rena],[]
yieldoor,Yieldoor,-,Leveraged Farming,351639.43488315126,Ethereum;Sonic;Base,0,1,1,0,8,0,8,8,,2025-04-26 11:58:04+00:00,2025-04-26 11:58:04+00:00,,0,0,unknown,,[],[sherlock],[sherlock],[]
yieldpulse-finance,YieldPulse Finance,YIELD,Farm,168.32937467934346,Pulse,0,1,1,0,4,0,4,4,,,,,0,0,unknown,,[],[code4rena],[code4rena],[]
zetachain,ZetaChain,ZETA,Chain,,,0,1,1,0,8,0,8,8,,2023-10-20 12:36:05+00:00,2023-10-20 12:36:05+00:00,,0,0,unknown,,[],[code4rena],[code4rena],[]
zivoe,Zivoe,ZVE,RWA,289561.6953206187,Ethereum,0,1,1,0,8,0,8,8,,2024-06-06 09:47:37+00:00,2024-06-06 09:47:37+00:00,,0,0,unknown,,[],[sherlock],[sherlock],[]
zksync-lite-bridge,zkSync Lite Bridge,-,Canonical Bridge,48438019.33306222,Ethereum,0,1,1,0,32,0,32,32,,2024-03-02 19:07:51+00:00,2024-03-02 19:07:51+00:00,,0,0,unknown,,[],[code4rena],[code4rena],[]
